Timestamop,IP Address,Reactors,Output Type,Current Output
0,,0,,0
3801475710,192.168.1.200,1,VSET,1.1
3801475710,192.168.1.200,1,ISET,3
3801475710,192.168.1.200,1,VOUT,1.1
3801475710,192.168.1.200,1,IOUT,0.311
3801475710,192.168.1.200,2,VSET,1.1
3801475710,192.168.1.200,2,ISET,2.01
3801475710,192.168.1.200,2,VOUT,1.1
3801475710,192.168.1.200,2,IOUT,0.137
3801475710,192.168.1.201,1,VSET,1
3801475710,192.168.1.201,1,ISET,2.001
3801475710,192.168.1.201,1,VOUT,1
3801475710,192.168.1.201,1,IOUT,0.147
3801475710,192.168.1.201,2,VSET,1.1
3801475710,192.168.1.201,2,ISET,2.1
3801475710,192.168.1.201,2,VOUT,1.1
3801475710,192.168.1.201,2,IOUT,0
3801475711,192.168.1.198,1,VSET,1
3801475711,192.168.1.198,1,ISET,2
3801475711,192.168.1.198,1,VOUT,1
3801475711,192.168.1.198,1,IOUT,0.116
3801475711,192.168.1.198,2,VSET,1
3801475711,192.168.1.198,2,ISET,2
3801475711,192.168.1.198,2,VOUT,1
3801475711,192.168.1.198,2,IOUT,0.119
0,,0,,0
3801475770,192.168.1.200,1,VSET,1.1
3801475770,192.168.1.200,1,ISET,3
3801475770,192.168.1.200,1,VOUT,1.1
3801475770,192.168.1.200,1,IOUT,0.316
3801475770,192.168.1.200,2,VSET,1.1
3801475770,192.168.1.200,2,ISET,2.01
3801475770,192.168.1.200,2,VOUT,1.1
3801475770,192.168.1.200,2,IOUT,0.137
3801475770,192.168.1.201,1,VSET,1
3801475770,192.168.1.201,1,ISET,2.001
3801475770,192.168.1.201,1,VOUT,1
3801475770,192.168.1.201,1,IOUT,0.15
3801475770,192.168.1.201,2,VSET,1.1
3801475770,192.168.1.201,2,ISET,2.1
3801475770,192.168.1.201,2,VOUT,1.1
3801475770,192.168.1.201,2,IOUT,0
3801475771,192.168.1.198,1,VSET,1
3801475771,192.168.1.198,1,ISET,2
3801475771,192.168.1.198,1,VOUT,1
3801475771,192.168.1.198,1,IOUT,0.116
3801475771,192.168.1.198,2,VSET,1
3801475771,192.168.1.198,2,ISET,2
3801475771,192.168.1.198,2,VOUT,1
3801475771,192.168.1.198,2,IOUT,0.119
0,,0,,0
3801475830,192.168.1.200,1,VSET,1.1
3801475830,192.168.1.200,1,ISET,3
3801475830,192.168.1.200,1,VOUT,1.1
3801475830,192.168.1.200,1,IOUT,0.319
3801475830,192.168.1.200,2,VSET,1.1
3801475830,192.168.1.200,2,ISET,2.01
3801475830,192.168.1.200,2,VOUT,1.1
3801475830,192.168.1.200,2,IOUT,0.137
3801475830,192.168.1.201,1,VSET,1
3801475830,192.168.1.201,1,ISET,2.001
3801475830,192.168.1.201,1,VOUT,1
3801475830,192.168.1.201,1,IOUT,0.15
3801475830,192.168.1.201,2,VSET,1.1
3801475830,192.168.1.201,2,ISET,2.1
3801475831,192.168.1.201,2,VOUT,1.1
3801475831,192.168.1.201,2,IOUT,0
3801475831,192.168.1.198,1,VSET,1
3801475831,192.168.1.198,1,ISET,2
3801475831,192.168.1.198,1,VOUT,1
3801475831,192.168.1.198,1,IOUT,0.116
3801475831,192.168.1.198,2,VSET,1
3801475831,192.168.1.198,2,ISET,2
3801475831,192.168.1.198,2,VOUT,1
3801475831,192.168.1.198,2,IOUT,0.119
0,,0,,0
3801475890,192.168.1.200,1,VSET,1.1
3801475890,192.168.1.200,1,ISET,3
3801475890,192.168.1.200,1,VOUT,1.1
3801475890,192.168.1.200,1,IOUT,0.238
3801475890,192.168.1.200,2,VSET,1.1
3801475890,192.168.1.200,2,ISET,2.01
3801475890,192.168.1.200,2,VOUT,1.1
3801475890,192.168.1.200,2,IOUT,0.138
3801475891,192.168.1.201,1,VSET,1
3801475891,192.168.1.201,1,ISET,2.001
3801475891,192.168.1.201,1,VOUT,1
3801475891,192.168.1.201,1,IOUT,0.15
3801475891,192.168.1.201,2,VSET,1.1
3801475891,192.168.1.201,2,ISET,2.1
3801475891,192.168.1.201,2,VOUT,1.1
3801475891,192.168.1.201,2,IOUT,0
3801475891,192.168.1.198,1,VSET,1
3801475891,192.168.1.198,1,ISET,2
3801475891,192.168.1.198,1,VOUT,1
3801475891,192.168.1.198,1,IOUT,0.116
3801475891,192.168.1.198,2,VSET,1
3801475891,192.168.1.198,2,ISET,2
3801475891,192.168.1.198,2,VOUT,1
3801475891,192.168.1.198,2,IOUT,0.119
0,,0,,0
3801475950,192.168.1.200,1,VSET,1.1
3801475950,192.168.1.200,1,ISET,3
3801475950,192.168.1.200,1,VOUT,1.1
3801475950,192.168.1.200,1,IOUT,0.239
3801475950,192.168.1.200,2,VSET,1.1
3801475950,192.168.1.200,2,ISET,2.01
3801475950,192.168.1.200,2,VOUT,1.1
3801475950,192.168.1.200,2,IOUT,0.137
3801475951,192.168.1.201,1,VSET,1
3801475951,192.168.1.201,1,ISET,2.001
3801475951,192.168.1.201,1,VOUT,1
3801475951,192.168.1.201,1,IOUT,0.148
3801475951,192.168.1.201,2,VSET,1.1
3801475951,192.168.1.201,2,ISET,2.1
3801475951,192.168.1.201,2,VOUT,1.1
3801475951,192.168.1.201,2,IOUT,0
3801475951,192.168.1.198,1,VSET,1
3801475951,192.168.1.198,1,ISET,2
3801475951,192.168.1.198,1,VOUT,1
3801475951,192.168.1.198,1,IOUT,0.116
3801475951,192.168.1.198,2,VSET,1
3801475951,192.168.1.198,2,ISET,2
3801475951,192.168.1.198,2,VOUT,1
3801475951,192.168.1.198,2,IOUT,0.119
0,,0,,0
3801476010,192.168.1.200,1,VSET,1.1
3801476010,192.168.1.200,1,ISET,3
3801476010,192.168.1.200,1,VOUT,1.1
3801476010,192.168.1.200,1,IOUT,0.272
3801476010,192.168.1.200,2,VSET,1.1
3801476010,192.168.1.200,2,ISET,2.01
3801476010,192.168.1.200,2,VOUT,1.1
3801476010,192.168.1.200,2,IOUT,0.136
3801476011,192.168.1.201,1,VSET,1
3801476011,192.168.1.201,1,ISET,2.001
3801476011,192.168.1.201,1,VOUT,1
3801476011,192.168.1.201,1,IOUT,0.149
3801476011,192.168.1.201,2,VSET,1.1
3801476011,192.168.1.201,2,ISET,2.1
3801476011,192.168.1.201,2,VOUT,1.1
3801476011,192.168.1.201,2,IOUT,0
3801476011,192.168.1.198,1,VSET,1
3801476011,192.168.1.198,1,ISET,2
3801476011,192.168.1.198,1,VOUT,1
3801476011,192.168.1.198,1,IOUT,0.116
3801476011,192.168.1.198,2,VSET,1
3801476011,192.168.1.198,2,ISET,2
3801476011,192.168.1.198,2,VOUT,1
3801476011,192.168.1.198,2,IOUT,0.12
0,,0,,0
3801476071,192.168.1.200,1,VSET,1.1
3801476071,192.168.1.200,1,ISET,3
3801476071,192.168.1.200,1,VOUT,1.1
3801476071,192.168.1.200,1,IOUT,0.273
3801476071,192.168.1.200,2,VSET,1.1
3801476071,192.168.1.200,2,ISET,2.01
3801476071,192.168.1.200,2,VOUT,1.1
3801476071,192.168.1.200,2,IOUT,0.138
3801476071,192.168.1.201,1,VSET,1
3801476071,192.168.1.201,1,ISET,2.001
3801476071,192.168.1.201,1,VOUT,1
3801476071,192.168.1.201,1,IOUT,0.149
3801476071,192.168.1.201,2,VSET,1.1
3801476071,192.168.1.201,2,ISET,2.1
3801476071,192.168.1.201,2,VOUT,1.1
3801476071,192.168.1.201,2,IOUT,0.081
3801476072,192.168.1.198,1,VSET,1
3801476072,192.168.1.198,1,ISET,2
3801476072,192.168.1.198,1,VOUT,1
3801476072,192.168.1.198,1,IOUT,0.116
3801476072,192.168.1.198,2,VSET,1
3801476072,192.168.1.198,2,ISET,2
3801476072,192.168.1.198,2,VOUT,1
3801476072,192.168.1.198,2,IOUT,0.117
0,,0,,0
3801476131,192.168.1.200,1,VSET,1.1
3801476131,192.168.1.200,1,ISET,3
3801476131,192.168.1.200,1,VOUT,1.1
3801476131,192.168.1.200,1,IOUT,0.194
3801476131,192.168.1.200,2,VSET,1.1
3801476131,192.168.1.200,2,ISET,2.01
3801476131,192.168.1.200,2,VOUT,1.1
3801476131,192.168.1.200,2,IOUT,0.138
3801476131,192.168.1.201,1,VSET,1
3801476131,192.168.1.201,1,ISET,2.001
3801476131,192.168.1.201,1,VOUT,1
3801476131,192.168.1.201,1,IOUT,0.151
3801476131,192.168.1.201,2,VSET,1.1
3801476131,192.168.1.201,2,ISET,2.1
3801476131,192.168.1.201,2,VOUT,1.1
3801476131,192.168.1.201,2,IOUT,0.062
3801476132,192.168.1.198,1,VSET,1
3801476132,192.168.1.198,1,ISET,2
3801476132,192.168.1.198,1,VOUT,1
3801476132,192.168.1.198,1,IOUT,0.116
3801476132,192.168.1.198,2,VSET,1
3801476132,192.168.1.198,2,ISET,2
3801476132,192.168.1.198,2,VOUT,1
3801476132,192.168.1.198,2,IOUT,0.118
0,,0,,0
3801476191,192.168.1.200,1,VSET,1.1
3801476191,192.168.1.200,1,ISET,3
3801476191,192.168.1.200,1,VOUT,1.1
3801476191,192.168.1.200,1,IOUT,0.327
3801476191,192.168.1.200,2,VSET,1.1
3801476191,192.168.1.200,2,ISET,2.01
3801476191,192.168.1.200,2,VOUT,1.1
3801476191,192.168.1.200,2,IOUT,0.138
3801476191,192.168.1.201,1,VSET,1
3801476191,192.168.1.201,1,ISET,2.001
3801476191,192.168.1.201,1,VOUT,1
3801476191,192.168.1.201,1,IOUT,0.145
3801476191,192.168.1.201,2,VSET,1.1
3801476191,192.168.1.201,2,ISET,2.1
3801476191,192.168.1.201,2,VOUT,1.1
3801476191,192.168.1.201,2,IOUT,0.071
3801476192,192.168.1.198,1,VSET,1
3801476192,192.168.1.198,1,ISET,2
3801476192,192.168.1.198,1,VOUT,1
3801476192,192.168.1.198,1,IOUT,0.117
3801476192,192.168.1.198,2,VSET,1
3801476192,192.168.1.198,2,ISET,2
3801476192,192.168.1.198,2,VOUT,1
3801476192,192.168.1.198,2,IOUT,0.119
0,,0,,0
3801476251,192.168.1.200,1,VSET,1.1
3801476251,192.168.1.200,1,ISET,3
3801476251,192.168.1.200,1,VOUT,1.1
3801476251,192.168.1.200,1,IOUT,0.325
3801476251,192.168.1.200,2,VSET,1.1
3801476251,192.168.1.200,2,ISET,2.01
3801476251,192.168.1.200,2,VOUT,1.1
3801476251,192.168.1.200,2,IOUT,0.138
3801476252,192.168.1.201,1,VSET,1
3801476252,192.168.1.201,1,ISET,2.001
3801476252,192.168.1.201,1,VOUT,1
3801476252,192.168.1.201,1,IOUT,0.148
3801476252,192.168.1.201,2,VSET,1.1
3801476252,192.168.1.201,2,ISET,2.1
3801476252,192.168.1.201,2,VOUT,1.1
3801476252,192.168.1.201,2,IOUT,0.076
3801476252,192.168.1.198,1,VSET,1
3801476252,192.168.1.198,1,ISET,2
3801476252,192.168.1.198,1,VOUT,1
3801476252,192.168.1.198,1,IOUT,0.117
3801476252,192.168.1.198,2,VSET,1
3801476252,192.168.1.198,2,ISET,2
3801476252,192.168.1.198,2,VOUT,1
3801476252,192.168.1.198,2,IOUT,0.119
0,,0,,0
3801476311,192.168.1.200,1,VSET,1.1
3801476311,192.168.1.200,1,ISET,3
3801476311,192.168.1.200,1,VOUT,1.1
3801476311,192.168.1.200,1,IOUT,0.328
3801476311,192.168.1.200,2,VSET,1.1
3801476311,192.168.1.200,2,ISET,2.01
3801476311,192.168.1.200,2,VOUT,1.1
3801476311,192.168.1.200,2,IOUT,0.138
3801476312,192.168.1.201,1,VSET,1
3801476312,192.168.1.201,1,ISET,2.001
3801476312,192.168.1.201,1,VOUT,1
3801476312,192.168.1.201,1,IOUT,0.159
3801476312,192.168.1.201,2,VSET,1.1
3801476312,192.168.1.201,2,ISET,2.1
3801476312,192.168.1.201,2,VOUT,1.1
3801476312,192.168.1.201,2,IOUT,0.022
3801476312,192.168.1.198,1,VSET,1
3801476312,192.168.1.198,1,ISET,2
3801476312,192.168.1.198,1,VOUT,1
3801476312,192.168.1.198,1,IOUT,0.117
3801476312,192.168.1.198,2,VSET,1
3801476312,192.168.1.198,2,ISET,2
3801476312,192.168.1.198,2,VOUT,1
3801476312,192.168.1.198,2,IOUT,0.119
0,,0,,0
3801476371,192.168.1.200,1,VSET,1.1
3801476371,192.168.1.200,1,ISET,3
3801476371,192.168.1.200,1,VOUT,1.1
3801476371,192.168.1.200,1,IOUT,0.328
3801476371,192.168.1.200,2,VSET,1.1
3801476371,192.168.1.200,2,ISET,2.01
3801476372,192.168.1.200,2,VOUT,1.1
3801476372,192.168.1.200,2,IOUT,0.138
3801476372,192.168.1.201,1,VSET,1
3801476372,192.168.1.201,1,ISET,2.001
3801476372,192.168.1.201,1,VOUT,1
3801476372,192.168.1.201,1,IOUT,0.159
3801476372,192.168.1.201,2,VSET,1.1
3801476372,192.168.1.201,2,ISET,2.1
3801476372,192.168.1.201,2,VOUT,1.1
3801476372,192.168.1.201,2,IOUT,0.019
3801476372,192.168.1.198,1,VSET,1
3801476372,192.168.1.198,1,ISET,2
3801476372,192.168.1.198,1,VOUT,1
3801476372,192.168.1.198,1,IOUT,0.117
3801476372,192.168.1.198,2,VSET,1
3801476372,192.168.1.198,2,ISET,2
3801476373,192.168.1.198,2,VOUT,1
3801476373,192.168.1.198,2,IOUT,0.119
0,,0,,0
3801476432,192.168.1.200,1,VSET,1.1
3801476432,192.168.1.200,1,ISET,3
3801476432,192.168.1.200,1,VOUT,1.1
3801476432,192.168.1.200,1,IOUT,0.328
3801476432,192.168.1.200,2,VSET,1.1
3801476432,192.168.1.200,2,ISET,2.01
3801476432,192.168.1.200,2,VOUT,1.1
3801476432,192.168.1.200,2,IOUT,0.138
3801476432,192.168.1.201,1,VSET,1
3801476432,192.168.1.201,1,ISET,2.001
3801476432,192.168.1.201,1,VOUT,1
3801476432,192.168.1.201,1,IOUT,0.158
3801476432,192.168.1.201,2,VSET,1.1
3801476432,192.168.1.201,2,ISET,2.1
3801476432,192.168.1.201,2,VOUT,1.1
3801476432,192.168.1.201,2,IOUT,0.02
3801476433,192.168.1.198,1,VSET,1
3801476433,192.168.1.198,1,ISET,2
3801476433,192.168.1.198,1,VOUT,1
3801476433,192.168.1.198,1,IOUT,0.117
3801476433,192.168.1.198,2,VSET,1
3801476433,192.168.1.198,2,ISET,2
3801476433,192.168.1.198,2,VOUT,1
3801476433,192.168.1.198,2,IOUT,0.119
0,,0,,0
3801476492,192.168.1.200,1,VSET,1.1
3801476492,192.168.1.200,1,ISET,3
3801476492,192.168.1.200,1,VOUT,1.1
3801476492,192.168.1.200,1,IOUT,0.328
3801476492,192.168.1.200,2,VSET,1.1
3801476492,192.168.1.200,2,ISET,2.01
3801476492,192.168.1.200,2,VOUT,1.1
3801476492,192.168.1.200,2,IOUT,0.138
3801476492,192.168.1.201,1,VSET,1
3801476492,192.168.1.201,1,ISET,2.001
3801476492,192.168.1.201,1,VOUT,1
3801476492,192.168.1.201,1,IOUT,0.158
3801476492,192.168.1.201,2,VSET,1.1
3801476492,192.168.1.201,2,ISET,2.1
3801476492,192.168.1.201,2,VOUT,1.1
3801476492,192.168.1.201,2,IOUT,0.014
3801476493,192.168.1.198,1,VSET,1
3801476493,192.168.1.198,1,ISET,2
3801476493,192.168.1.198,1,VOUT,1
3801476493,192.168.1.198,1,IOUT,0.117
3801476493,192.168.1.198,2,VSET,1
3801476493,192.168.1.198,2,ISET,2
3801476493,192.168.1.198,2,VOUT,1
3801476493,192.168.1.198,2,IOUT,0.119
0,,0,,0
3801476552,192.168.1.200,1,VSET,1.1
3801476552,192.168.1.200,1,ISET,3
3801476552,192.168.1.200,1,VOUT,1.1
3801476552,192.168.1.200,1,IOUT,0.328
3801476552,192.168.1.200,2,VSET,1.1
3801476552,192.168.1.200,2,ISET,2.01
3801476552,192.168.1.200,2,VOUT,1.1
3801476552,192.168.1.200,2,IOUT,0.138
3801476552,192.168.1.201,1,VSET,1
3801476552,192.168.1.201,1,ISET,2.001
3801476552,192.168.1.201,1,VOUT,1
3801476552,192.168.1.201,1,IOUT,0.157
3801476552,192.168.1.201,2,VSET,1.1
3801476552,192.168.1.201,2,ISET,2.1
3801476552,192.168.1.201,2,VOUT,1.1
3801476552,192.168.1.201,2,IOUT,0.064
3801476553,192.168.1.198,1,VSET,1
3801476553,192.168.1.198,1,ISET,2
3801476553,192.168.1.198,1,VOUT,1
3801476553,192.168.1.198,1,IOUT,0.117
3801476553,192.168.1.198,2,VSET,1
3801476553,192.168.1.198,2,ISET,2
3801476553,192.168.1.198,2,VOUT,1
3801476553,192.168.1.198,2,IOUT,0.119
0,,0,,0
3801476612,192.168.1.200,1,VSET,1.1
3801476612,192.168.1.200,1,ISET,3
3801476612,192.168.1.200,1,VOUT,1.1
3801476612,192.168.1.200,1,IOUT,0.222
3801476612,192.168.1.200,2,VSET,1.1
3801476612,192.168.1.200,2,ISET,2.01
3801476612,192.168.1.200,2,VOUT,1.1
3801476612,192.168.1.200,2,IOUT,0.138
3801476612,192.168.1.201,1,VSET,1
3801476612,192.168.1.201,1,ISET,2.001
3801476612,192.168.1.201,1,VOUT,1
3801476612,192.168.1.201,1,IOUT,0.158
3801476612,192.168.1.201,2,VSET,1.1
3801476612,192.168.1.201,2,ISET,2.1
3801476612,192.168.1.201,2,VOUT,1.1
3801476612,192.168.1.201,2,IOUT,0.041
3801476613,192.168.1.198,1,VSET,1
3801476613,192.168.1.198,1,ISET,2
3801476613,192.168.1.198,1,VOUT,1
3801476613,192.168.1.198,1,IOUT,0.118
3801476613,192.168.1.198,2,VSET,1
3801476613,192.168.1.198,2,ISET,2
3801476613,192.168.1.198,2,VOUT,1
3801476613,192.168.1.198,2,IOUT,0.119
0,,0,,0
3801476672,192.168.1.200,1,VSET,1.1
3801476672,192.168.1.200,1,ISET,3
3801476672,192.168.1.200,1,VOUT,1.1
3801476672,192.168.1.200,1,IOUT,0.299
3801476672,192.168.1.200,2,VSET,1.1
3801476672,192.168.1.200,2,ISET,2.01
3801476672,192.168.1.200,2,VOUT,1.1
3801476672,192.168.1.200,2,IOUT,0.138
3801476673,192.168.1.201,1,VSET,1
3801476673,192.168.1.201,1,ISET,2.001
3801476673,192.168.1.201,1,VOUT,1
3801476673,192.168.1.201,1,IOUT,0.158
3801476673,192.168.1.201,2,VSET,1.1
3801476673,192.168.1.201,2,ISET,2.1
3801476673,192.168.1.201,2,VOUT,1.1
3801476673,192.168.1.201,2,IOUT,0.044
3801476673,192.168.1.198,1,VSET,1
3801476673,192.168.1.198,1,ISET,2
3801476673,192.168.1.198,1,VOUT,1
3801476673,192.168.1.198,1,IOUT,0.118
3801476673,192.168.1.198,2,VSET,1
3801476673,192.168.1.198,2,ISET,2
3801476673,192.168.1.198,2,VOUT,1
3801476673,192.168.1.198,2,IOUT,0.119
0,,0,,0
3801476732,192.168.1.200,1,VSET,1.1
3801476732,192.168.1.200,1,ISET,3
3801476732,192.168.1.200,1,VOUT,1.1
3801476732,192.168.1.200,1,IOUT,0.24
3801476732,192.168.1.200,2,VSET,1.1
3801476732,192.168.1.200,2,ISET,2.01
3801476732,192.168.1.200,2,VOUT,1.1
3801476732,192.168.1.200,2,IOUT,0.138
3801476733,192.168.1.201,1,VSET,1
3801476733,192.168.1.201,1,ISET,2.001
3801476733,192.168.1.201,1,VOUT,1
3801476733,192.168.1.201,1,IOUT,0.158
3801476733,192.168.1.201,2,VSET,1.1
3801476733,192.168.1.201,2,ISET,2.1
3801476733,192.168.1.201,2,VOUT,1.1
3801476733,192.168.1.201,2,IOUT,0.043
3801476733,192.168.1.198,1,VSET,1
3801476733,192.168.1.198,1,ISET,2
3801476733,192.168.1.198,1,VOUT,1
3801476733,192.168.1.198,1,IOUT,0.118
3801476733,192.168.1.198,2,VSET,1
3801476733,192.168.1.198,2,ISET,2
3801476733,192.168.1.198,2,VOUT,1
3801476733,192.168.1.198,2,IOUT,0.121
0,,0,,0
3801476792,192.168.1.200,1,VSET,1.1
3801476792,192.168.1.200,1,ISET,3
3801476792,192.168.1.200,1,VOUT,1.1
3801476792,192.168.1.200,1,IOUT,0.283
3801476792,192.168.1.200,2,VSET,1.1
3801476792,192.168.1.200,2,ISET,2.01
3801476792,192.168.1.200,2,VOUT,1.1
3801476792,192.168.1.200,2,IOUT,0.138
3801476793,192.168.1.201,1,VSET,1
3801476793,192.168.1.201,1,ISET,2.001
3801476793,192.168.1.201,1,VOUT,1
3801476793,192.168.1.201,1,IOUT,0.157
3801476793,192.168.1.201,2,VSET,1.1
3801476793,192.168.1.201,2,ISET,2.1
3801476793,192.168.1.201,2,VOUT,1.1
3801476793,192.168.1.201,2,IOUT,0.042
3801476793,192.168.1.198,1,VSET,1
3801476793,192.168.1.198,1,ISET,2
3801476793,192.168.1.198,1,VOUT,1
3801476793,192.168.1.198,1,IOUT,0.118
3801476793,192.168.1.198,2,VSET,1
3801476793,192.168.1.198,2,ISET,2
3801476793,192.168.1.198,2,VOUT,1
3801476793,192.168.1.198,2,IOUT,0.12
0,,0,,0
3801476853,192.168.1.200,1,VSET,1.1
3801476853,192.168.1.200,1,ISET,3
3801476853,192.168.1.200,1,VOUT,1.1
3801476853,192.168.1.200,1,IOUT,0.291
3801476853,192.168.1.200,2,VSET,1.1
3801476853,192.168.1.200,2,ISET,2.01
3801476853,192.168.1.200,2,VOUT,1.1
3801476853,192.168.1.200,2,IOUT,0.138
3801476853,192.168.1.201,1,VSET,1
3801476853,192.168.1.201,1,ISET,2.001
3801476853,192.168.1.201,1,VOUT,1
3801476853,192.168.1.201,1,IOUT,0.158
3801476853,192.168.1.201,2,VSET,1.1
3801476853,192.168.1.201,2,ISET,2.1
3801476853,192.168.1.201,2,VOUT,1.1
3801476853,192.168.1.201,2,IOUT,0.035
3801476854,192.168.1.198,1,VSET,1
3801476854,192.168.1.198,1,ISET,2
3801476854,192.168.1.198,1,VOUT,1
3801476854,192.168.1.198,1,IOUT,0.118
3801476854,192.168.1.198,2,VSET,1
3801476854,192.168.1.198,2,ISET,2
3801476854,192.168.1.198,2,VOUT,1
3801476854,192.168.1.198,2,IOUT,0.12
0,,0,,0
3801476913,192.168.1.200,1,VSET,1.1
3801476913,192.168.1.200,1,ISET,3
3801476913,192.168.1.200,1,VOUT,1.1
3801476913,192.168.1.200,1,IOUT,0.283
3801476913,192.168.1.200,2,VSET,1.1
3801476913,192.168.1.200,2,ISET,2.01
3801476913,192.168.1.200,2,VOUT,1.1
3801476913,192.168.1.200,2,IOUT,0.138
3801476913,192.168.1.201,1,VSET,1
3801476913,192.168.1.201,1,ISET,2.001
3801476913,192.168.1.201,1,VOUT,1
3801476913,192.168.1.201,1,IOUT,0.156
3801476913,192.168.1.201,2,VSET,1.1
3801476913,192.168.1.201,2,ISET,2.1
3801476913,192.168.1.201,2,VOUT,1.1
3801476913,192.168.1.201,2,IOUT,0.105
3801476914,192.168.1.198,1,VSET,1
3801476914,192.168.1.198,1,ISET,2
3801476914,192.168.1.198,1,VOUT,1
3801476914,192.168.1.198,1,IOUT,0.118
3801476914,192.168.1.198,2,VSET,1
3801476914,192.168.1.198,2,ISET,2
3801476914,192.168.1.198,2,VOUT,1
3801476914,192.168.1.198,2,IOUT,0.12
0,,0,,0
3801476973,192.168.1.200,1,VSET,1.1
3801476973,192.168.1.200,1,ISET,3
3801476973,192.168.1.200,1,VOUT,1.1
3801476973,192.168.1.200,1,IOUT,0.282
3801476973,192.168.1.200,2,VSET,1.1
3801476973,192.168.1.200,2,ISET,2.01
3801476973,192.168.1.200,2,VOUT,1.1
3801476973,192.168.1.200,2,IOUT,0.138
3801476973,192.168.1.201,1,VSET,1
3801476973,192.168.1.201,1,ISET,2.001
3801476973,192.168.1.201,1,VOUT,1
3801476973,192.168.1.201,1,IOUT,0.155
3801476973,192.168.1.201,2,VSET,1.1
3801476973,192.168.1.201,2,ISET,2.1
3801476973,192.168.1.201,2,VOUT,1.1
3801476973,192.168.1.201,2,IOUT,0.074
3801476974,192.168.1.198,1,VSET,1
3801476974,192.168.1.198,1,ISET,2
3801476974,192.168.1.198,1,VOUT,1
3801476974,192.168.1.198,1,IOUT,0.118
3801476974,192.168.1.198,2,VSET,1
3801476974,192.168.1.198,2,ISET,2
3801476974,192.168.1.198,2,VOUT,1
3801476974,192.168.1.198,2,IOUT,0.12
0,,0,,0
3801477033,192.168.1.200,1,VSET,1.1
3801477033,192.168.1.200,1,ISET,3
3801477033,192.168.1.200,1,VOUT,1.1
3801477033,192.168.1.200,1,IOUT,0.32
3801477033,192.168.1.200,2,VSET,1.1
3801477033,192.168.1.200,2,ISET,2.01
3801477033,192.168.1.200,2,VOUT,1.1
3801477033,192.168.1.200,2,IOUT,0.136
3801477033,192.168.1.201,1,VSET,1
3801477033,192.168.1.201,1,ISET,2.001
3801477033,192.168.1.201,1,VOUT,1
3801477033,192.168.1.201,1,IOUT,0.159
3801477033,192.168.1.201,2,VSET,1.1
3801477033,192.168.1.201,2,ISET,2.1
3801477033,192.168.1.201,2,VOUT,1.1
3801477033,192.168.1.201,2,IOUT,0.092
3801477034,192.168.1.198,1,VSET,1
3801477034,192.168.1.198,1,ISET,2
3801477034,192.168.1.198,1,VOUT,1
3801477034,192.168.1.198,1,IOUT,0.118
3801477034,192.168.1.198,2,VSET,1
3801477034,192.168.1.198,2,ISET,2
3801477034,192.168.1.198,2,VOUT,1
3801477034,192.168.1.198,2,IOUT,0.121
0,,0,,0
3801477093,192.168.1.200,1,VSET,1.1
3801477093,192.168.1.200,1,ISET,3
3801477093,192.168.1.200,1,VOUT,1.1
3801477093,192.168.1.200,1,IOUT,0.29
3801477093,192.168.1.200,2,VSET,1.1
3801477093,192.168.1.200,2,ISET,2.01
3801477093,192.168.1.200,2,VOUT,1.1
3801477093,192.168.1.200,2,IOUT,0.136
3801477093,192.168.1.201,1,VSET,1
3801477093,192.168.1.201,1,ISET,2.001
3801477094,192.168.1.201,1,VOUT,1
3801477094,192.168.1.201,1,IOUT,0.162
3801477094,192.168.1.201,2,VSET,1.1
3801477094,192.168.1.201,2,ISET,2.1
3801477094,192.168.1.201,2,VOUT,1.1
3801477094,192.168.1.201,2,IOUT,0.037
3801477094,192.168.1.198,1,VSET,1
3801477094,192.168.1.198,1,ISET,2
3801477094,192.168.1.198,1,VOUT,1
3801477094,192.168.1.198,1,IOUT,0.118
3801477094,192.168.1.198,2,VSET,1
3801477094,192.168.1.198,2,ISET,2
3801477094,192.168.1.198,2,VOUT,1
3801477094,192.168.1.198,2,IOUT,0.121
0,,0,,0
3801477153,192.168.1.200,1,VSET,1.1
3801477153,192.168.1.200,1,ISET,3
3801477153,192.168.1.200,1,VOUT,1.1
3801477153,192.168.1.200,1,IOUT,0.226
3801477153,192.168.1.200,2,VSET,1.1
3801477153,192.168.1.200,2,ISET,2.01
3801477153,192.168.1.200,2,VOUT,1.1
3801477153,192.168.1.200,2,IOUT,0.137
3801477154,192.168.1.201,1,VSET,1
3801477154,192.168.1.201,1,ISET,2.001
3801477154,192.168.1.201,1,VOUT,1
3801477154,192.168.1.201,1,IOUT,0.161
3801477154,192.168.1.201,2,VSET,1.1
3801477154,192.168.1.201,2,ISET,2.1
3801477154,192.168.1.201,2,VOUT,1.1
3801477154,192.168.1.201,2,IOUT,0.036
3801477154,192.168.1.198,1,VSET,1
3801477154,192.168.1.198,1,ISET,2
3801477154,192.168.1.198,1,VOUT,1
3801477154,192.168.1.198,1,IOUT,0.118
3801477154,192.168.1.198,2,VSET,1
3801477154,192.168.1.198,2,ISET,2
3801477154,192.168.1.198,2,VOUT,1
3801477154,192.168.1.198,2,IOUT,0.121
0,,0,,0
3801477213,192.168.1.200,1,VSET,1.1
3801477213,192.168.1.200,1,ISET,3
3801477213,192.168.1.200,1,VOUT,1.1
3801477213,192.168.1.200,1,IOUT,0.308
3801477213,192.168.1.200,2,VSET,1.1
3801477213,192.168.1.200,2,ISET,2.01
3801477213,192.168.1.200,2,VOUT,1.1
3801477213,192.168.1.200,2,IOUT,0.137
3801477214,192.168.1.201,1,VSET,1
3801477214,192.168.1.201,1,ISET,2.001
3801477214,192.168.1.201,1,VOUT,1
3801477214,192.168.1.201,1,IOUT,0.158
3801477214,192.168.1.201,2,VSET,1.1
3801477214,192.168.1.201,2,ISET,2.1
3801477214,192.168.1.201,2,VOUT,1.1
3801477214,192.168.1.201,2,IOUT,0.064
3801477214,192.168.1.198,1,VSET,1
3801477214,192.168.1.198,1,ISET,2
3801477214,192.168.1.198,1,VOUT,1
3801477214,192.168.1.198,1,IOUT,0.118
3801477214,192.168.1.198,2,VSET,1
3801477214,192.168.1.198,2,ISET,2
3801477214,192.168.1.198,2,VOUT,1
3801477214,192.168.1.198,2,IOUT,0.121
0,,0,,0
3801477273,192.168.1.200,1,VSET,1.1
3801477273,192.168.1.200,1,ISET,3
3801477273,192.168.1.200,1,VOUT,1.1
3801477273,192.168.1.200,1,IOUT,0.309
3801477273,192.168.1.200,2,VSET,1.1
3801477273,192.168.1.200,2,ISET,2.01
3801477273,192.168.1.200,2,VOUT,1.1
3801477273,192.168.1.200,2,IOUT,0.137
3801477274,192.168.1.201,1,VSET,1
3801477274,192.168.1.201,1,ISET,2.001
3801477274,192.168.1.201,1,VOUT,1
3801477274,192.168.1.201,1,IOUT,0.161
3801477274,192.168.1.201,2,VSET,1.1
3801477274,192.168.1.201,2,ISET,2.1
3801477274,192.168.1.201,2,VOUT,1.1
3801477274,192.168.1.201,2,IOUT,0.09
3801477274,192.168.1.198,1,VSET,1
3801477274,192.168.1.198,1,ISET,2
3801477274,192.168.1.198,1,VOUT,1
3801477274,192.168.1.198,1,IOUT,0.118
3801477274,192.168.1.198,2,VSET,1
3801477274,192.168.1.198,2,ISET,2
3801477274,192.168.1.198,2,VOUT,1
3801477274,192.168.1.198,2,IOUT,0.121
0,,0,,0
3801477334,192.168.1.200,1,VSET,1.1
3801477334,192.168.1.200,1,ISET,3
3801477334,192.168.1.200,1,VOUT,1.1
3801477334,192.168.1.200,1,IOUT,0.309
3801477334,192.168.1.200,2,VSET,1.1
3801477334,192.168.1.200,2,ISET,2.01
3801477334,192.168.1.200,2,VOUT,1.1
3801477334,192.168.1.200,2,IOUT,0.136
3801477334,192.168.1.201,1,VSET,1
3801477334,192.168.1.201,1,ISET,2.001
3801477334,192.168.1.201,1,VOUT,1
3801477334,192.168.1.201,1,IOUT,0.157
3801477334,192.168.1.201,2,VSET,1.1
3801477334,192.168.1.201,2,ISET,2.1
3801477334,192.168.1.201,2,VOUT,1.1
3801477334,192.168.1.201,2,IOUT,0.139
3801477335,192.168.1.198,1,VSET,1
3801477335,192.168.1.198,1,ISET,2
3801477335,192.168.1.198,1,VOUT,1
3801477335,192.168.1.198,1,IOUT,0.119
3801477335,192.168.1.198,2,VSET,1
3801477335,192.168.1.198,2,ISET,2
3801477335,192.168.1.198,2,VOUT,1
3801477335,192.168.1.198,2,IOUT,0.121
0,,0,,0
3801477394,192.168.1.200,1,VSET,1.1
3801477394,192.168.1.200,1,ISET,3
3801477394,192.168.1.200,1,VOUT,1.1
3801477394,192.168.1.200,1,IOUT,0.309
3801477394,192.168.1.200,2,VSET,1.1
3801477394,192.168.1.200,2,ISET,2.01
3801477394,192.168.1.200,2,VOUT,1.1
3801477394,192.168.1.200,2,IOUT,0.135
3801477394,192.168.1.201,1,VSET,1
3801477394,192.168.1.201,1,ISET,2.001
3801477394,192.168.1.201,1,VOUT,1
3801477394,192.168.1.201,1,IOUT,0.155
3801477394,192.168.1.201,2,VSET,1.1
3801477394,192.168.1.201,2,ISET,2.1
3801477394,192.168.1.201,2,VOUT,1.1
3801477394,192.168.1.201,2,IOUT,0
3801477395,192.168.1.198,1,VSET,1
3801477395,192.168.1.198,1,ISET,2
3801477395,192.168.1.198,1,VOUT,1
3801477395,192.168.1.198,1,IOUT,0.119
3801477395,192.168.1.198,2,VSET,1
3801477395,192.168.1.198,2,ISET,2
3801477395,192.168.1.198,2,VOUT,1
3801477395,192.168.1.198,2,IOUT,0.122
0,,0,,0
3801477454,192.168.1.200,1,VSET,1.1
3801477454,192.168.1.200,1,ISET,3
3801477454,192.168.1.200,1,VOUT,1.1
3801477454,192.168.1.200,1,IOUT,0.302
3801477454,192.168.1.200,2,VSET,1.1
3801477454,192.168.1.200,2,ISET,2.01
3801477454,192.168.1.200,2,VOUT,1.1
3801477454,192.168.1.200,2,IOUT,0.135
3801477454,192.168.1.201,1,VSET,1
3801477454,192.168.1.201,1,ISET,2.001
3801477454,192.168.1.201,1,VOUT,1
3801477454,192.168.1.201,1,IOUT,0.16
3801477454,192.168.1.201,2,VSET,1.1
3801477454,192.168.1.201,2,ISET,2.1
3801477454,192.168.1.201,2,VOUT,1.1
3801477454,192.168.1.201,2,IOUT,0
3801477455,192.168.1.198,1,VSET,1
3801477455,192.168.1.198,1,ISET,2
3801477455,192.168.1.198,1,VOUT,1
3801477455,192.168.1.198,1,IOUT,0.119
3801477455,192.168.1.198,2,VSET,1
3801477455,192.168.1.198,2,ISET,2
3801477455,192.168.1.198,2,VOUT,1
3801477455,192.168.1.198,2,IOUT,0.122
0,,0,,0
3801477514,192.168.1.200,1,VSET,1.1
3801477514,192.168.1.200,1,ISET,3
3801477514,192.168.1.200,1,VOUT,1.1
3801477514,192.168.1.200,1,IOUT,0.281
3801477514,192.168.1.200,2,VSET,1.1
3801477514,192.168.1.200,2,ISET,2.01
3801477514,192.168.1.200,2,VOUT,1.1
3801477514,192.168.1.200,2,IOUT,0.135
3801477515,192.168.1.201,1,VSET,1
3801477515,192.168.1.201,1,ISET,2.001
3801477515,192.168.1.201,1,VOUT,1
3801477515,192.168.1.201,1,IOUT,0.156
3801477515,192.168.1.201,2,VSET,1.1
3801477515,192.168.1.201,2,ISET,2.1
3801477515,192.168.1.201,2,VOUT,1.1
3801477515,192.168.1.201,2,IOUT,0.007
3801477515,192.168.1.198,1,VSET,1
3801477515,192.168.1.198,1,ISET,2
3801477515,192.168.1.198,1,VOUT,1
3801477515,192.168.1.198,1,IOUT,0.119
3801477515,192.168.1.198,2,VSET,1
3801477515,192.168.1.198,2,ISET,2
3801477515,192.168.1.198,2,VOUT,1
3801477515,192.168.1.198,2,IOUT,0.122
0,,0,,0
3801477574,192.168.1.200,1,VSET,1.1
3801477574,192.168.1.200,1,ISET,3
3801477574,192.168.1.200,1,VOUT,1.1
3801477574,192.168.1.200,1,IOUT,0.278
3801477574,192.168.1.200,2,VSET,1.1
3801477574,192.168.1.200,2,ISET,2.01
3801477574,192.168.1.200,2,VOUT,1.1
3801477574,192.168.1.200,2,IOUT,0.132
3801477575,192.168.1.201,1,VSET,1
3801477575,192.168.1.201,1,ISET,2.001
3801477575,192.168.1.201,1,VOUT,1
3801477575,192.168.1.201,1,IOUT,0.161
3801477575,192.168.1.201,2,VSET,1.1
3801477575,192.168.1.201,2,ISET,2.1
3801477575,192.168.1.201,2,VOUT,1.1
3801477575,192.168.1.201,2,IOUT,0.049
3801477575,192.168.1.198,1,VSET,1
3801477575,192.168.1.198,1,ISET,2
3801477575,192.168.1.198,1,VOUT,1
3801477575,192.168.1.198,1,IOUT,0.119
3801477575,192.168.1.198,2,VSET,1
3801477575,192.168.1.198,2,ISET,2
3801477575,192.168.1.198,2,VOUT,1
3801477575,192.168.1.198,2,IOUT,0.122
0,,0,,0
3801477634,192.168.1.200,1,VSET,1.1
3801477634,192.168.1.200,1,ISET,3
3801477634,192.168.1.200,1,VOUT,1.1
3801477634,192.168.1.200,1,IOUT,0.279
3801477634,192.168.1.200,2,VSET,1.1
3801477634,192.168.1.200,2,ISET,2.01
3801477634,192.168.1.200,2,VOUT,1.1
3801477634,192.168.1.200,2,IOUT,0.137
3801477635,192.168.1.201,1,VSET,1
3801477635,192.168.1.201,1,ISET,2.001
3801477635,192.168.1.201,1,VOUT,1
3801477635,192.168.1.201,1,IOUT,0.159
3801477635,192.168.1.201,2,VSET,1.1
3801477635,192.168.1.201,2,ISET,2.1
3801477635,192.168.1.201,2,VOUT,1.1
3801477635,192.168.1.201,2,IOUT,0.011
3801477635,192.168.1.198,1,VSET,1
3801477635,192.168.1.198,1,ISET,2
3801477635,192.168.1.198,1,VOUT,1
3801477635,192.168.1.198,1,IOUT,0.119
3801477635,192.168.1.198,2,VSET,1
3801477635,192.168.1.198,2,ISET,2
3801477635,192.168.1.198,2,VOUT,1
3801477635,192.168.1.198,2,IOUT,0.122
0,,0,,0
3801477694,192.168.1.200,1,VSET,1.1
3801477694,192.168.1.200,1,ISET,3
3801477694,192.168.1.200,1,VOUT,1.1
3801477695,192.168.1.200,1,IOUT,0.281
3801477695,192.168.1.200,2,VSET,1.1
3801477695,192.168.1.200,2,ISET,2.01
3801477695,192.168.1.200,2,VOUT,1.1
3801477695,192.168.1.200,2,IOUT,0.136
3801477695,192.168.1.201,1,VSET,1
3801477695,192.168.1.201,1,ISET,2.001
3801477695,192.168.1.201,1,VOUT,1
3801477695,192.168.1.201,1,IOUT,0.163
3801477695,192.168.1.201,2,VSET,1.1
3801477695,192.168.1.201,2,ISET,2.1
3801477695,192.168.1.201,2,VOUT,1.1
3801477695,192.168.1.201,2,IOUT,0.002
3801477695,192.168.1.198,1,VSET,1
3801477695,192.168.1.198,1,ISET,2
3801477695,192.168.1.198,1,VOUT,1
3801477696,192.168.1.198,1,IOUT,0.119
3801477696,192.168.1.198,2,VSET,1
3801477696,192.168.1.198,2,ISET,2
3801477696,192.168.1.198,2,VOUT,1
3801477696,192.168.1.198,2,IOUT,0.122
0,,0,,0
3801477755,192.168.1.200,1,VSET,1.1
3801477755,192.168.1.200,1,ISET,3
3801477755,192.168.1.200,1,VOUT,1.1
3801477755,192.168.1.200,1,IOUT,0.3
3801477755,192.168.1.200,2,VSET,1.1
3801477755,192.168.1.200,2,ISET,2.01
3801477755,192.168.1.200,2,VOUT,1.1
3801477755,192.168.1.200,2,IOUT,0.136
3801477755,192.168.1.201,1,VSET,1
3801477755,192.168.1.201,1,ISET,2.001
3801477755,192.168.1.201,1,VOUT,1
3801477755,192.168.1.201,1,IOUT,0.163
3801477755,192.168.1.201,2,VSET,1.1
3801477755,192.168.1.201,2,ISET,2.1
3801477755,192.168.1.201,2,VOUT,1.1
3801477755,192.168.1.201,2,IOUT,0.005
3801477756,192.168.1.198,1,VSET,1
3801477756,192.168.1.198,1,ISET,2
3801477756,192.168.1.198,1,VOUT,1
3801477756,192.168.1.198,1,IOUT,0.119
3801477756,192.168.1.198,2,VSET,1
3801477756,192.168.1.198,2,ISET,2
3801477756,192.168.1.198,2,VOUT,1
3801477756,192.168.1.198,2,IOUT,0.122
0,,0,,0
3801477815,192.168.1.200,1,VSET,1.1
3801477815,192.168.1.200,1,ISET,3
3801477815,192.168.1.200,1,VOUT,1.1
3801477815,192.168.1.200,1,IOUT,0.317
3801477815,192.168.1.200,2,VSET,1.1
3801477815,192.168.1.200,2,ISET,2.01
3801477815,192.168.1.200,2,VOUT,1.1
3801477815,192.168.1.200,2,IOUT,0.136
3801477815,192.168.1.201,1,VSET,1
3801477815,192.168.1.201,1,ISET,2.001
3801477815,192.168.1.201,1,VOUT,1
3801477815,192.168.1.201,1,IOUT,0.163
3801477815,192.168.1.201,2,VSET,1.1
3801477815,192.168.1.201,2,ISET,2.1
3801477815,192.168.1.201,2,VOUT,1.1
3801477815,192.168.1.201,2,IOUT,0.004
3801477816,192.168.1.198,1,VSET,1
3801477816,192.168.1.198,1,ISET,2
3801477816,192.168.1.198,1,VOUT,1
3801477816,192.168.1.198,1,IOUT,0.119
3801477816,192.168.1.198,2,VSET,1
3801477816,192.168.1.198,2,ISET,2
3801477816,192.168.1.198,2,VOUT,1
3801477816,192.168.1.198,2,IOUT,0.122
0,,0,,0
3801477875,192.168.1.200,1,VSET,1.1
3801477875,192.168.1.200,1,ISET,3
3801477875,192.168.1.200,1,VOUT,1.1
3801477875,192.168.1.200,1,IOUT,0.319
3801477875,192.168.1.200,2,VSET,1.1
3801477875,192.168.1.200,2,ISET,2.01
3801477875,192.168.1.200,2,VOUT,1.1
3801477875,192.168.1.200,2,IOUT,0.137
3801477875,192.168.1.201,1,VSET,1
3801477875,192.168.1.201,1,ISET,2.001
3801477875,192.168.1.201,1,VOUT,1
3801477875,192.168.1.201,1,IOUT,0.163
3801477875,192.168.1.201,2,VSET,1.1
3801477875,192.168.1.201,2,ISET,2.1
3801477875,192.168.1.201,2,VOUT,1.1
3801477875,192.168.1.201,2,IOUT,0.001
3801477876,192.168.1.198,1,VSET,1
3801477876,192.168.1.198,1,ISET,2
3801477876,192.168.1.198,1,VOUT,1
3801477876,192.168.1.198,1,IOUT,0.119
3801477876,192.168.1.198,2,VSET,1
3801477876,192.168.1.198,2,ISET,2
3801477876,192.168.1.198,2,VOUT,1
3801477876,192.168.1.198,2,IOUT,0.122
0,,0,,0
3801477935,192.168.1.200,1,VSET,1.1
3801477935,192.168.1.200,1,ISET,3
3801477935,192.168.1.200,1,VOUT,1.1
3801477935,192.168.1.200,1,IOUT,0.321
3801477935,192.168.1.200,2,VSET,1.1
3801477935,192.168.1.200,2,ISET,2.01
3801477935,192.168.1.200,2,VOUT,1.1
3801477935,192.168.1.200,2,IOUT,0.137
3801477936,192.168.1.201,1,VSET,1
3801477936,192.168.1.201,1,ISET,2.001
3801477936,192.168.1.201,1,VOUT,1
3801477936,192.168.1.201,1,IOUT,0.163
3801477936,192.168.1.201,2,VSET,1.1
3801477936,192.168.1.201,2,ISET,2.1
3801477936,192.168.1.201,2,VOUT,1.1
3801477936,192.168.1.201,2,IOUT,0
3801477936,192.168.1.198,1,VSET,1
3801477936,192.168.1.198,1,ISET,2
3801477936,192.168.1.198,1,VOUT,1
3801477936,192.168.1.198,1,IOUT,0.119
3801477936,192.168.1.198,2,VSET,1
3801477936,192.168.1.198,2,ISET,2
3801477936,192.168.1.198,2,VOUT,1
3801477936,192.168.1.198,2,IOUT,0.122
0,,0,,0
3801477995,192.168.1.200,1,VSET,1.1
3801477995,192.168.1.200,1,ISET,3
3801477995,192.168.1.200,1,VOUT,1.1
3801477995,192.168.1.200,1,IOUT,0.324
3801477995,192.168.1.200,2,VSET,1.1
3801477995,192.168.1.200,2,ISET,2.01
3801477995,192.168.1.200,2,VOUT,1.1
3801477995,192.168.1.200,2,IOUT,0.137
3801477996,192.168.1.201,1,VSET,1
3801477996,192.168.1.201,1,ISET,2.001
3801477996,192.168.1.201,1,VOUT,1
3801477996,192.168.1.201,1,IOUT,0.163
3801477996,192.168.1.201,2,VSET,1.1
3801477996,192.168.1.201,2,ISET,2.1
3801477996,192.168.1.201,2,VOUT,1.1
3801477996,192.168.1.201,2,IOUT,0
3801477996,192.168.1.198,1,VSET,1
3801477996,192.168.1.198,1,ISET,2
3801477996,192.168.1.198,1,VOUT,1
3801477996,192.168.1.198,1,IOUT,0.119
3801477996,192.168.1.198,2,VSET,1
3801477996,192.168.1.198,2,ISET,2
3801477996,192.168.1.198,2,VOUT,1
3801477996,192.168.1.198,2,IOUT,0.122
0,,0,,0
3801478055,192.168.1.200,1,VSET,1.1
3801478055,192.168.1.200,1,ISET,3
3801478055,192.168.1.200,1,VOUT,1.1
3801478055,192.168.1.200,1,IOUT,0.303
3801478055,192.168.1.200,2,VSET,1.1
3801478055,192.168.1.200,2,ISET,2.01
3801478055,192.168.1.200,2,VOUT,1.1
3801478055,192.168.1.200,2,IOUT,0.138
3801478056,192.168.1.201,1,VSET,1
3801478056,192.168.1.201,1,ISET,2.001
3801478056,192.168.1.201,1,VOUT,1
3801478056,192.168.1.201,1,IOUT,0.152
3801478056,192.168.1.201,2,VSET,1.1
3801478056,192.168.1.201,2,ISET,2.1
3801478056,192.168.1.201,2,VOUT,1.1
3801478056,192.168.1.201,2,IOUT,0
3801478056,192.168.1.198,1,VSET,1
3801478056,192.168.1.198,1,ISET,2
3801478056,192.168.1.198,1,VOUT,1
3801478056,192.168.1.198,1,IOUT,0.119
3801478056,192.168.1.198,2,VSET,1
3801478056,192.168.1.198,2,ISET,2
3801478056,192.168.1.198,2,VOUT,1
3801478056,192.168.1.198,2,IOUT,0.122
0,,0,,0
3801478116,192.168.1.200,1,VSET,1.1
3801478116,192.168.1.200,1,ISET,3
3801478116,192.168.1.200,1,VOUT,1.1
3801478116,192.168.1.200,1,IOUT,0.291
3801478116,192.168.1.200,2,VSET,1.1
3801478116,192.168.1.200,2,ISET,2.01
3801478116,192.168.1.200,2,VOUT,1.1
3801478116,192.168.1.200,2,IOUT,0.134
3801478116,192.168.1.201,1,VSET,1
3801478116,192.168.1.201,1,ISET,2.001
3801478116,192.168.1.201,1,VOUT,1
3801478116,192.168.1.201,1,IOUT,0.158
3801478116,192.168.1.201,2,VSET,1.1
3801478116,192.168.1.201,2,ISET,2.1
3801478116,192.168.1.201,2,VOUT,1.1
3801478116,192.168.1.201,2,IOUT,0
3801478117,192.168.1.198,1,VSET,1
3801478117,192.168.1.198,1,ISET,2
3801478117,192.168.1.198,1,VOUT,1
3801478117,192.168.1.198,1,IOUT,0.119
3801478117,192.168.1.198,2,VSET,1
3801478117,192.168.1.198,2,ISET,2
3801478117,192.168.1.198,2,VOUT,1
3801478117,192.168.1.198,2,IOUT,0.122
0,,0,,0
3801478176,192.168.1.200,1,VSET,1.1
3801478176,192.168.1.200,1,ISET,3
3801478176,192.168.1.200,1,VOUT,1.1
3801478176,192.168.1.200,1,IOUT,0.3
3801478176,192.168.1.200,2,VSET,1.1
3801478176,192.168.1.200,2,ISET,2.01
3801478176,192.168.1.200,2,VOUT,1.1
3801478176,192.168.1.200,2,IOUT,0.135
3801478176,192.168.1.201,1,VSET,1
3801478176,192.168.1.201,1,ISET,2.001
3801478176,192.168.1.201,1,VOUT,1
3801478176,192.168.1.201,1,IOUT,0.159
3801478176,192.168.1.201,2,VSET,1.1
3801478176,192.168.1.201,2,ISET,2.1
3801478176,192.168.1.201,2,VOUT,1.1
3801478176,192.168.1.201,2,IOUT,0
3801478177,192.168.1.198,1,VSET,1
3801478177,192.168.1.198,1,ISET,2
3801478177,192.168.1.198,1,VOUT,1
3801478177,192.168.1.198,1,IOUT,0.119
3801478177,192.168.1.198,2,VSET,1
3801478177,192.168.1.198,2,ISET,2
3801478177,192.168.1.198,2,VOUT,1
3801478177,192.168.1.198,2,IOUT,0.122
0,,0,,0
3801478236,192.168.1.200,1,VSET,1.1
3801478236,192.168.1.200,1,ISET,3
3801478236,192.168.1.200,1,VOUT,1.1
3801478236,192.168.1.200,1,IOUT,0.323
3801478236,192.168.1.200,2,VSET,1.1
3801478236,192.168.1.200,2,ISET,2.01
3801478236,192.168.1.200,2,VOUT,1.1
3801478236,192.168.1.200,2,IOUT,0.137
3801478236,192.168.1.201,1,VSET,1
3801478236,192.168.1.201,1,ISET,2.001
3801478236,192.168.1.201,1,VOUT,1
3801478236,192.168.1.201,1,IOUT,0.161
3801478236,192.168.1.201,2,VSET,1.1
3801478236,192.168.1.201,2,ISET,2.1
3801478236,192.168.1.201,2,VOUT,1.1
3801478236,192.168.1.201,2,IOUT,0
3801478237,192.168.1.198,1,VSET,1
3801478237,192.168.1.198,1,ISET,2
3801478237,192.168.1.198,1,VOUT,1
3801478237,192.168.1.198,1,IOUT,0.119
3801478237,192.168.1.198,2,VSET,1
3801478237,192.168.1.198,2,ISET,2
3801478237,192.168.1.198,2,VOUT,1
3801478237,192.168.1.198,2,IOUT,0.122
0,,0,,0
3801478296,192.168.1.200,1,VSET,1.1
3801478296,192.168.1.200,1,ISET,3
3801478296,192.168.1.200,1,VOUT,1.1
3801478296,192.168.1.200,1,IOUT,0.323
3801478296,192.168.1.200,2,VSET,1.1
3801478296,192.168.1.200,2,ISET,2.01
3801478296,192.168.1.200,2,VOUT,1.1
3801478296,192.168.1.200,2,IOUT,0.136
3801478296,192.168.1.201,1,VSET,1
3801478296,192.168.1.201,1,ISET,2.001
3801478297,192.168.1.201,1,VOUT,1
3801478297,192.168.1.201,1,IOUT,0.162
3801478297,192.168.1.201,2,VSET,1.1
3801478297,192.168.1.201,2,ISET,2.1
3801478297,192.168.1.201,2,VOUT,1.1
3801478297,192.168.1.201,2,IOUT,0
3801478297,192.168.1.198,1,VSET,1
3801478297,192.168.1.198,1,ISET,2
3801478297,192.168.1.198,1,VOUT,1
3801478297,192.168.1.198,1,IOUT,0.119
3801478297,192.168.1.198,2,VSET,1
3801478297,192.168.1.198,2,ISET,2
3801478297,192.168.1.198,2,VOUT,1
3801478297,192.168.1.198,2,IOUT,0.122
0,,0,,0
3801478356,192.168.1.200,1,VSET,1.1
3801478356,192.168.1.200,1,ISET,3
3801478356,192.168.1.200,1,VOUT,1.1
3801478356,192.168.1.200,1,IOUT,0.324
3801478356,192.168.1.200,2,VSET,1.1
3801478356,192.168.1.200,2,ISET,2.01
3801478356,192.168.1.200,2,VOUT,1.1
3801478356,192.168.1.200,2,IOUT,0.136
3801478357,192.168.1.201,1,VSET,1
3801478357,192.168.1.201,1,ISET,2.001
3801478357,192.168.1.201,1,VOUT,1
3801478357,192.168.1.201,1,IOUT,0.163
3801478357,192.168.1.201,2,VSET,1.1
3801478357,192.168.1.201,2,ISET,2.1
3801478357,192.168.1.201,2,VOUT,1.1
3801478357,192.168.1.201,2,IOUT,0
3801478357,192.168.1.198,1,VSET,1
3801478357,192.168.1.198,1,ISET,2
3801478357,192.168.1.198,1,VOUT,1
3801478357,192.168.1.198,1,IOUT,0.118
3801478357,192.168.1.198,2,VSET,1
3801478357,192.168.1.198,2,ISET,2
3801478357,192.168.1.198,2,VOUT,1
3801478357,192.168.1.198,2,IOUT,0.122
0,,0,,0
3801478416,192.168.1.200,1,VSET,1.1
3801478416,192.168.1.200,1,ISET,3
3801478416,192.168.1.200,1,VOUT,1.1
3801478416,192.168.1.200,1,IOUT,0.324
3801478416,192.168.1.200,2,VSET,1.1
3801478416,192.168.1.200,2,ISET,2.01
3801478416,192.168.1.200,2,VOUT,1.1
3801478416,192.168.1.200,2,IOUT,0.136
3801478417,192.168.1.201,1,VSET,1
3801478417,192.168.1.201,1,ISET,2.001
3801478417,192.168.1.201,1,VOUT,1
3801478417,192.168.1.201,1,IOUT,0.162
3801478417,192.168.1.201,2,VSET,1.1
3801478417,192.168.1.201,2,ISET,2.1
3801478417,192.168.1.201,2,VOUT,1.1
3801478417,192.168.1.201,2,IOUT,0
3801478417,192.168.1.198,1,VSET,1
3801478417,192.168.1.198,1,ISET,2
3801478417,192.168.1.198,1,VOUT,1
3801478417,192.168.1.198,1,IOUT,0.117
3801478417,192.168.1.198,2,VSET,1
3801478417,192.168.1.198,2,ISET,2
3801478417,192.168.1.198,2,VOUT,1
3801478417,192.168.1.198,2,IOUT,0.122
0,,0,,0
3801478476,192.168.1.200,1,VSET,1.1
3801478476,192.168.1.200,1,ISET,3
3801478476,192.168.1.200,1,VOUT,1.1
3801478476,192.168.1.200,1,IOUT,0.324
3801478477,192.168.1.200,2,VSET,1.1
3801478477,192.168.1.200,2,ISET,2.01
3801478477,192.168.1.200,2,VOUT,1.1
3801478477,192.168.1.200,2,IOUT,0.137
3801478477,192.168.1.201,1,VSET,1
3801478477,192.168.1.201,1,ISET,2.001
3801478477,192.168.1.201,1,VOUT,1
3801478477,192.168.1.201,1,IOUT,0.163
3801478477,192.168.1.201,2,VSET,1.1
3801478477,192.168.1.201,2,ISET,2.1
3801478477,192.168.1.201,2,VOUT,1.1
3801478477,192.168.1.201,2,IOUT,0
3801478477,192.168.1.198,1,VSET,1
3801478477,192.168.1.198,1,ISET,2
3801478477,192.168.1.198,1,VOUT,1
3801478477,192.168.1.198,1,IOUT,0.118
3801478477,192.168.1.198,2,VSET,1
3801478477,192.168.1.198,2,ISET,2
3801478478,192.168.1.198,2,VOUT,1
3801478478,192.168.1.198,2,IOUT,0.122
0,,0,,0
3801478537,192.168.1.200,1,VSET,1.1
3801478537,192.168.1.200,1,ISET,3
3801478537,192.168.1.200,1,VOUT,1.1
3801478537,192.168.1.200,1,IOUT,0.324
3801478537,192.168.1.200,2,VSET,1.1
3801478537,192.168.1.200,2,ISET,2.01
3801478537,192.168.1.200,2,VOUT,1.1
3801478537,192.168.1.200,2,IOUT,0.137
3801478537,192.168.1.201,1,VSET,1
3801478537,192.168.1.201,1,ISET,2.001
3801478537,192.168.1.201,1,VOUT,1
3801478537,192.168.1.201,1,IOUT,0.164
3801478537,192.168.1.201,2,VSET,1.1
3801478537,192.168.1.201,2,ISET,2.1
3801478537,192.168.1.201,2,VOUT,1.1
3801478537,192.168.1.201,2,IOUT,0
3801478538,192.168.1.198,1,VSET,1
3801478538,192.168.1.198,1,ISET,2
3801478538,192.168.1.198,1,VOUT,1
3801478538,192.168.1.198,1,IOUT,0.118
3801478538,192.168.1.198,2,VSET,1
3801478538,192.168.1.198,2,ISET,2
3801478538,192.168.1.198,2,VOUT,1
3801478538,192.168.1.198,2,IOUT,0.122
0,,0,,0
3801478597,192.168.1.200,1,VSET,1.1
3801478597,192.168.1.200,1,ISET,3
3801478597,192.168.1.200,1,VOUT,1.1
3801478597,192.168.1.200,1,IOUT,0.324
3801478597,192.168.1.200,2,VSET,1.1
3801478597,192.168.1.200,2,ISET,2.01
3801478597,192.168.1.200,2,VOUT,1.1
3801478597,192.168.1.200,2,IOUT,0.137
3801478597,192.168.1.201,1,VSET,1
3801478597,192.168.1.201,1,ISET,2.001
3801478597,192.168.1.201,1,VOUT,1
3801478597,192.168.1.201,1,IOUT,0.164
3801478597,192.168.1.201,2,VSET,1.1
3801478597,192.168.1.201,2,ISET,2.1
3801478597,192.168.1.201,2,VOUT,1.1
3801478597,192.168.1.201,2,IOUT,0
3801478598,192.168.1.198,1,VSET,1
3801478598,192.168.1.198,1,ISET,2
3801478598,192.168.1.198,1,VOUT,1
3801478598,192.168.1.198,1,IOUT,0.118
3801478598,192.168.1.198,2,VSET,1
3801478598,192.168.1.198,2,ISET,2
3801478598,192.168.1.198,2,VOUT,1
3801478598,192.168.1.198,2,IOUT,0.122
0,,0,,0
3801478657,192.168.1.200,1,VSET,1.1
3801478657,192.168.1.200,1,ISET,3
3801478657,192.168.1.200,1,VOUT,1.1
3801478657,192.168.1.200,1,IOUT,0.31
3801478657,192.168.1.200,2,VSET,1.1
3801478657,192.168.1.200,2,ISET,2.01
3801478657,192.168.1.200,2,VOUT,1.1
3801478657,192.168.1.200,2,IOUT,0.136
3801478657,192.168.1.201,1,VSET,1
3801478657,192.168.1.201,1,ISET,2.001
3801478657,192.168.1.201,1,VOUT,1
3801478657,192.168.1.201,1,IOUT,0.163
3801478657,192.168.1.201,2,VSET,1.1
3801478657,192.168.1.201,2,ISET,2.1
3801478657,192.168.1.201,2,VOUT,1.1
3801478657,192.168.1.201,2,IOUT,0
3801478658,192.168.1.198,1,VSET,1
3801478658,192.168.1.198,1,ISET,2
3801478658,192.168.1.198,1,VOUT,1
3801478658,192.168.1.198,1,IOUT,0.118
3801478658,192.168.1.198,2,VSET,1
3801478658,192.168.1.198,2,ISET,2
3801478658,192.168.1.198,2,VOUT,1
3801478658,192.168.1.198,2,IOUT,0.122
0,,0,,0
3801478717,192.168.1.200,1,VSET,1.1
3801478717,192.168.1.200,1,ISET,3
3801478717,192.168.1.200,1,VOUT,1.1
3801478717,192.168.1.200,1,IOUT,0.274
3801478717,192.168.1.200,2,VSET,1.1
3801478717,192.168.1.200,2,ISET,2.01
3801478717,192.168.1.200,2,VOUT,1.1
3801478717,192.168.1.200,2,IOUT,0.136
3801478718,192.168.1.201,1,VSET,1
3801478718,192.168.1.201,1,ISET,2.001
3801478718,192.168.1.201,1,VOUT,1
3801478718,192.168.1.201,1,IOUT,0.163
3801478718,192.168.1.201,2,VSET,1.1
3801478718,192.168.1.201,2,ISET,2.1
3801478718,192.168.1.201,2,VOUT,1.1
3801478718,192.168.1.201,2,IOUT,0
3801478718,192.168.1.198,1,VSET,1
3801478718,192.168.1.198,1,ISET,2
3801478718,192.168.1.198,1,VOUT,1
3801478718,192.168.1.198,1,IOUT,0.118
3801478718,192.168.1.198,2,VSET,1
3801478718,192.168.1.198,2,ISET,2
3801478718,192.168.1.198,2,VOUT,1
3801478718,192.168.1.198,2,IOUT,0.122
0,,0,,0
3801478777,192.168.1.200,1,VSET,1.1
3801478777,192.168.1.200,1,ISET,3
3801478777,192.168.1.200,1,VOUT,1.1
3801478777,192.168.1.200,1,IOUT,0.273
3801478777,192.168.1.200,2,VSET,1.1
3801478777,192.168.1.200,2,ISET,2.01
3801478777,192.168.1.200,2,VOUT,1.1
3801478777,192.168.1.200,2,IOUT,0.135
3801478778,192.168.1.201,1,VSET,1
3801478778,192.168.1.201,1,ISET,2.001
3801478778,192.168.1.201,1,VOUT,1
3801478778,192.168.1.201,1,IOUT,0.16
3801478778,192.168.1.201,2,VSET,1.1
3801478778,192.168.1.201,2,ISET,2.1
3801478778,192.168.1.201,2,VOUT,1.1
3801478778,192.168.1.201,2,IOUT,0
3801478778,192.168.1.198,1,VSET,1
3801478778,192.168.1.198,1,ISET,2
3801478778,192.168.1.198,1,VOUT,1
3801478778,192.168.1.198,1,IOUT,0.118
3801478778,192.168.1.198,2,VSET,1
3801478778,192.168.1.198,2,ISET,2
3801478778,192.168.1.198,2,VOUT,1
3801478778,192.168.1.198,2,IOUT,0.122
0,,0,,0
3801478837,192.168.1.200,1,VSET,1.1
3801478837,192.168.1.200,1,ISET,3
3801478837,192.168.1.200,1,VOUT,1.1
3801478837,192.168.1.200,1,IOUT,0.262
3801478837,192.168.1.200,2,VSET,1.1
3801478837,192.168.1.200,2,ISET,2.01
3801478837,192.168.1.200,2,VOUT,1.1
3801478837,192.168.1.200,2,IOUT,0.135
3801478838,192.168.1.201,1,VSET,1
3801478838,192.168.1.201,1,ISET,2.001
3801478838,192.168.1.201,1,VOUT,1
3801478838,192.168.1.201,1,IOUT,0.161
3801478838,192.168.1.201,2,VSET,1.1
3801478838,192.168.1.201,2,ISET,2.1
3801478838,192.168.1.201,2,VOUT,1.1
3801478838,192.168.1.201,2,IOUT,0
3801478838,192.168.1.198,1,VSET,1
3801478838,192.168.1.198,1,ISET,2
3801478838,192.168.1.198,1,VOUT,1
3801478838,192.168.1.198,1,IOUT,0.118
3801478838,192.168.1.198,2,VSET,1
3801478838,192.168.1.198,2,ISET,2
3801478838,192.168.1.198,2,VOUT,1
3801478838,192.168.1.198,2,IOUT,0.122
0,,0,,0
3801478898,192.168.1.200,1,VSET,1.1
3801478898,192.168.1.200,1,ISET,3
3801478898,192.168.1.200,1,VOUT,1.1
3801478898,192.168.1.200,1,IOUT,0.263
3801478898,192.168.1.200,2,VSET,1.1
3801478898,192.168.1.200,2,ISET,2.01
3801478898,192.168.1.200,2,VOUT,1.1
3801478898,192.168.1.200,2,IOUT,0.135
3801478898,192.168.1.201,1,VSET,1
3801478898,192.168.1.201,1,ISET,2.001
3801478898,192.168.1.201,1,VOUT,1
3801478898,192.168.1.201,1,IOUT,0.161
3801478898,192.168.1.201,2,VSET,1.1
3801478898,192.168.1.201,2,ISET,2.1
3801478898,192.168.1.201,2,VOUT,1.1
3801478898,192.168.1.201,2,IOUT,0
3801478899,192.168.1.198,1,VSET,1
3801478899,192.168.1.198,1,ISET,2
3801478899,192.168.1.198,1,VOUT,1
3801478899,192.168.1.198,1,IOUT,0.118
3801478899,192.168.1.198,2,VSET,1
3801478899,192.168.1.198,2,ISET,2
3801478899,192.168.1.198,2,VOUT,1
3801478899,192.168.1.198,2,IOUT,0.122
0,,0,,0
3801478958,192.168.1.200,1,VSET,1.1
3801478958,192.168.1.200,1,ISET,3
3801478958,192.168.1.200,1,VOUT,1.1
3801478958,192.168.1.200,1,IOUT,0.297
3801478958,192.168.1.200,2,VSET,1.1
3801478958,192.168.1.200,2,ISET,2.01
3801478958,192.168.1.200,2,VOUT,1.1
3801478958,192.168.1.200,2,IOUT,0.135
3801478958,192.168.1.201,1,VSET,1
3801478958,192.168.1.201,1,ISET,2.001
3801478958,192.168.1.201,1,VOUT,1
3801478958,192.168.1.201,1,IOUT,0.163
3801478958,192.168.1.201,2,VSET,1.1
3801478958,192.168.1.201,2,ISET,2.1
3801478958,192.168.1.201,2,VOUT,1.1
3801478958,192.168.1.201,2,IOUT,0
3801478959,192.168.1.198,1,VSET,1
3801478959,192.168.1.198,1,ISET,2
3801478959,192.168.1.198,1,VOUT,1
3801478959,192.168.1.198,1,IOUT,0.118
3801478959,192.168.1.198,2,VSET,1
3801478959,192.168.1.198,2,ISET,2
3801478959,192.168.1.198,2,VOUT,1
3801478959,192.168.1.198,2,IOUT,0.122
0,,0,,0
3801479018,192.168.1.200,1,VSET,1.1
3801479018,192.168.1.200,1,ISET,3
3801479018,192.168.1.200,1,VOUT,1.1
3801479018,192.168.1.200,1,IOUT,0.294
3801479018,192.168.1.200,2,VSET,1.1
3801479018,192.168.1.200,2,ISET,2.01
3801479018,192.168.1.200,2,VOUT,1.1
3801479018,192.168.1.200,2,IOUT,0.135
3801479018,192.168.1.201,1,VSET,1
3801479018,192.168.1.201,1,ISET,2.001
3801479018,192.168.1.201,1,VOUT,1
3801479018,192.168.1.201,1,IOUT,0.163
3801479018,192.168.1.201,2,VSET,1.1
3801479018,192.168.1.201,2,ISET,2.1
3801479018,192.168.1.201,2,VOUT,1.1
3801479018,192.168.1.201,2,IOUT,0
3801479019,192.168.1.198,1,VSET,1
3801479019,192.168.1.198,1,ISET,2
3801479019,192.168.1.198,1,VOUT,1
3801479019,192.168.1.198,1,IOUT,0.118
3801479019,192.168.1.198,2,VSET,1
3801479019,192.168.1.198,2,ISET,2
3801479019,192.168.1.198,2,VOUT,1
3801479019,192.168.1.198,2,IOUT,0.122
0,,0,,0
3801479078,192.168.1.200,1,VSET,1.1
3801479078,192.168.1.200,1,ISET,3
3801479078,192.168.1.200,1,VOUT,1.1
3801479078,192.168.1.200,1,IOUT,0.294
3801479078,192.168.1.200,2,VSET,1.1
3801479078,192.168.1.200,2,ISET,2.01
3801479078,192.168.1.200,2,VOUT,1.1
3801479078,192.168.1.200,2,IOUT,0.135
3801479078,192.168.1.201,1,VSET,1
3801479078,192.168.1.201,1,ISET,2.001
3801479078,192.168.1.201,1,VOUT,1
3801479079,192.168.1.201,1,IOUT,0.16
3801479079,192.168.1.201,2,VSET,1.1
3801479079,192.168.1.201,2,ISET,2.1
3801479079,192.168.1.201,2,VOUT,1.1
3801479079,192.168.1.201,2,IOUT,0
3801479079,192.168.1.198,1,VSET,1
3801479079,192.168.1.198,1,ISET,2
3801479079,192.168.1.198,1,VOUT,1
3801479079,192.168.1.198,1,IOUT,0.118
3801479079,192.168.1.198,2,VSET,1
3801479079,192.168.1.198,2,ISET,2
3801479079,192.168.1.198,2,VOUT,1
3801479079,192.168.1.198,2,IOUT,0.122
0,,0,,0
3801479138,192.168.1.200,1,VSET,1.1
3801479138,192.168.1.200,1,ISET,3
3801479138,192.168.1.200,1,VOUT,1.1
3801479138,192.168.1.200,1,IOUT,0.303
3801479138,192.168.1.200,2,VSET,1.1
3801479138,192.168.1.200,2,ISET,2.01
3801479138,192.168.1.200,2,VOUT,1.1
3801479138,192.168.1.200,2,IOUT,0.134
3801479139,192.168.1.201,1,VSET,1
3801479139,192.168.1.201,1,ISET,2.001
3801479139,192.168.1.201,1,VOUT,1
3801479139,192.168.1.201,1,IOUT,0.157
3801479139,192.168.1.201,2,VSET,1.1
3801479139,192.168.1.201,2,ISET,2.1
3801479139,192.168.1.201,2,VOUT,1.1
3801479139,192.168.1.201,2,IOUT,0
3801479139,192.168.1.198,1,VSET,1
3801479139,192.168.1.198,1,ISET,2
3801479139,192.168.1.198,1,VOUT,1
3801479139,192.168.1.198,1,IOUT,0.118
3801479139,192.168.1.198,2,VSET,1
3801479139,192.168.1.198,2,ISET,2
3801479139,192.168.1.198,2,VOUT,1
3801479139,192.168.1.198,2,IOUT,0.122
0,,0,,0
3801479198,192.168.1.200,1,VSET,1.1
3801479198,192.168.1.200,1,ISET,3
3801479198,192.168.1.200,1,VOUT,1.1
3801479198,192.168.1.200,1,IOUT,0.303
3801479198,192.168.1.200,2,VSET,1.1
3801479198,192.168.1.200,2,ISET,2.01
3801479198,192.168.1.200,2,VOUT,1.1
3801479198,192.168.1.200,2,IOUT,0.136
3801479199,192.168.1.201,1,VSET,1
3801479199,192.168.1.201,1,ISET,2.001
3801479199,192.168.1.201,1,VOUT,1
3801479199,192.168.1.201,1,IOUT,0.161
3801479199,192.168.1.201,2,VSET,1.1
3801479199,192.168.1.201,2,ISET,2.1
3801479199,192.168.1.201,2,VOUT,1.1
3801479199,192.168.1.201,2,IOUT,0
3801479199,192.168.1.198,1,VSET,1
3801479199,192.168.1.198,1,ISET,2
3801479199,192.168.1.198,1,VOUT,1
3801479199,192.168.1.198,1,IOUT,0.119
3801479199,192.168.1.198,2,VSET,1
3801479199,192.168.1.198,2,ISET,2
3801479199,192.168.1.198,2,VOUT,1
3801479199,192.168.1.198,2,IOUT,0.122
0,,0,,0
3801479258,192.168.1.200,1,VSET,1.1
3801479258,192.168.1.200,1,ISET,3
3801479258,192.168.1.200,1,VOUT,1.1
3801479258,192.168.1.200,1,IOUT,0
3801479258,192.168.1.200,2,VSET,1.1
3801479258,192.168.1.200,2,ISET,2.01
3801479258,192.168.1.200,2,VOUT,1.1
3801479258,192.168.1.200,2,IOUT,0.134
3801479259,192.168.1.201,1,VSET,1
3801479259,192.168.1.201,1,ISET,2.001
3801479259,192.168.1.201,1,VOUT,1
3801479259,192.168.1.201,1,IOUT,0.162
3801479259,192.168.1.201,2,VSET,1.1
3801479259,192.168.1.201,2,ISET,2.1
3801479259,192.168.1.201,2,VOUT,1.1
3801479259,192.168.1.201,2,IOUT,0
3801479259,192.168.1.198,1,VSET,1
3801479259,192.168.1.198,1,ISET,2
3801479259,192.168.1.198,1,VOUT,1
3801479259,192.168.1.198,1,IOUT,0.119
3801479259,192.168.1.198,2,VSET,1
3801479259,192.168.1.198,2,ISET,2
3801479259,192.168.1.198,2,VOUT,1
3801479259,192.168.1.198,2,IOUT,0.122
0,,0,,0
3801479319,192.168.1.200,1,VSET,1.1
3801479319,192.168.1.200,1,ISET,3
3801479319,192.168.1.200,1,VOUT,1.1
3801479319,192.168.1.200,1,IOUT,0
3801479319,192.168.1.200,2,VSET,1.1
3801479319,192.168.1.200,2,ISET,2.01
3801479319,192.168.1.200,2,VOUT,1.1
3801479319,192.168.1.200,2,IOUT,0.134
3801479319,192.168.1.201,1,VSET,1
3801479319,192.168.1.201,1,ISET,2.001
3801479319,192.168.1.201,1,VOUT,1
3801479319,192.168.1.201,1,IOUT,0.162
3801479319,192.168.1.201,2,VSET,1.1
3801479319,192.168.1.201,2,ISET,2.1
3801479319,192.168.1.201,2,VOUT,1.1
3801479319,192.168.1.201,2,IOUT,0
3801479320,192.168.1.198,1,VSET,1
3801479320,192.168.1.198,1,ISET,2
3801479320,192.168.1.198,1,VOUT,1
3801479320,192.168.1.198,1,IOUT,0.119
3801479320,192.168.1.198,2,VSET,1
3801479320,192.168.1.198,2,ISET,2
3801479320,192.168.1.198,2,VOUT,1
3801479320,192.168.1.198,2,IOUT,0.122
0,,0,,0
3801479379,192.168.1.200,1,VSET,1.1
3801479379,192.168.1.200,1,ISET,3
3801479379,192.168.1.200,1,VOUT,1.1
3801479379,192.168.1.200,1,IOUT,0
3801479379,192.168.1.200,2,VSET,1.1
3801479379,192.168.1.200,2,ISET,2.01
3801479379,192.168.1.200,2,VOUT,1.1
3801479379,192.168.1.200,2,IOUT,0.134
3801479379,192.168.1.201,1,VSET,1
3801479379,192.168.1.201,1,ISET,2.001
3801479379,192.168.1.201,1,VOUT,1
3801479379,192.168.1.201,1,IOUT,0.159
3801479379,192.168.1.201,2,VSET,1.1
3801479379,192.168.1.201,2,ISET,2.1
3801479379,192.168.1.201,2,VOUT,1.1
3801479379,192.168.1.201,2,IOUT,0
3801479380,192.168.1.198,1,VSET,1
3801479380,192.168.1.198,1,ISET,2
3801479380,192.168.1.198,1,VOUT,1
3801479380,192.168.1.198,1,IOUT,0.119
3801479380,192.168.1.198,2,VSET,1
3801479380,192.168.1.198,2,ISET,2
3801479380,192.168.1.198,2,VOUT,1
3801479380,192.168.1.198,2,IOUT,0.122
0,,0,,0
3801479439,192.168.1.200,1,VSET,1.1
3801479439,192.168.1.200,1,ISET,3
3801479439,192.168.1.200,1,VOUT,1.1
3801479439,192.168.1.200,1,IOUT,0
3801479439,192.168.1.200,2,VSET,1.1
3801479439,192.168.1.200,2,ISET,2.01
3801479439,192.168.1.200,2,VOUT,1.1
3801479439,192.168.1.200,2,IOUT,0.134
3801479439,192.168.1.201,1,VSET,1
3801479439,192.168.1.201,1,ISET,2.001
3801479439,192.168.1.201,1,VOUT,1
3801479439,192.168.1.201,1,IOUT,0.161
3801479439,192.168.1.201,2,VSET,1.1
3801479439,192.168.1.201,2,ISET,2.1
3801479439,192.168.1.201,2,VOUT,1.1
3801479439,192.168.1.201,2,IOUT,0
3801479440,192.168.1.198,1,VSET,1
3801479440,192.168.1.198,1,ISET,2
3801479440,192.168.1.198,1,VOUT,1
3801479440,192.168.1.198,1,IOUT,0.119
3801479440,192.168.1.198,2,VSET,1
3801479440,192.168.1.198,2,ISET,2
3801479440,192.168.1.198,2,VOUT,1
3801479440,192.168.1.198,2,IOUT,0.122
0,,0,,0
3801479499,192.168.1.200,1,VSET,1.1
3801479499,192.168.1.200,1,ISET,3
3801479499,192.168.1.200,1,VOUT,1.1
3801479499,192.168.1.200,1,IOUT,0
3801479499,192.168.1.200,2,VSET,1.1
3801479499,192.168.1.200,2,ISET,2.01
3801479499,192.168.1.200,2,VOUT,1.1
3801479499,192.168.1.200,2,IOUT,0.134
3801479500,192.168.1.201,1,VSET,1
3801479500,192.168.1.201,1,ISET,2.001
3801479500,192.168.1.201,1,VOUT,1
3801479500,192.168.1.201,1,IOUT,0.162
3801479500,192.168.1.201,2,VSET,1.1
3801479500,192.168.1.201,2,ISET,2.1
3801479500,192.168.1.201,2,VOUT,1.1
3801479500,192.168.1.201,2,IOUT,0
3801479500,192.168.1.198,1,VSET,1
3801479500,192.168.1.198,1,ISET,2
3801479500,192.168.1.198,1,VOUT,1
3801479500,192.168.1.198,1,IOUT,0.119
3801479500,192.168.1.198,2,VSET,1
3801479500,192.168.1.198,2,ISET,2
3801479500,192.168.1.198,2,VOUT,1
3801479500,192.168.1.198,2,IOUT,0.122
0,,0,,0
3801479559,192.168.1.200,1,VSET,1.1
3801479559,192.168.1.200,1,ISET,3
3801479559,192.168.1.200,1,VOUT,1.1
3801479559,192.168.1.200,1,IOUT,0
3801479559,192.168.1.200,2,VSET,1.1
3801479559,192.168.1.200,2,ISET,2.01
3801479559,192.168.1.200,2,VOUT,1.1
3801479559,192.168.1.200,2,IOUT,0.134
3801479560,192.168.1.201,1,VSET,1
3801479560,192.168.1.201,1,ISET,2.001
3801479560,192.168.1.201,1,VOUT,1
3801479560,192.168.1.201,1,IOUT,0.162
3801479560,192.168.1.201,2,VSET,1.1
3801479560,192.168.1.201,2,ISET,2.1
3801479560,192.168.1.201,2,VOUT,1.1
3801479560,192.168.1.201,2,IOUT,0
3801479560,192.168.1.198,1,VSET,1
3801479560,192.168.1.198,1,ISET,2
3801479560,192.168.1.198,1,VOUT,1
3801479560,192.168.1.198,1,IOUT,0.119
3801479560,192.168.1.198,2,VSET,1
3801479560,192.168.1.198,2,ISET,2
3801479560,192.168.1.198,2,VOUT,1
3801479560,192.168.1.198,2,IOUT,0.122
0,,0,,0
3801479619,192.168.1.200,1,VSET,1.1
3801479619,192.168.1.200,1,ISET,3
3801479619,192.168.1.200,1,VOUT,1.1
3801479619,192.168.1.200,1,IOUT,0
3801479619,192.168.1.200,2,VSET,1.1
3801479619,192.168.1.200,2,ISET,2.01
3801479619,192.168.1.200,2,VOUT,1.1
3801479619,192.168.1.200,2,IOUT,0.134
3801479620,192.168.1.201,1,VSET,1
3801479620,192.168.1.201,1,ISET,2.001
3801479620,192.168.1.201,1,VOUT,1
3801479620,192.168.1.201,1,IOUT,0.162
3801479620,192.168.1.201,2,VSET,1.1
3801479620,192.168.1.201,2,ISET,2.1
3801479620,192.168.1.201,2,VOUT,1.1
3801479620,192.168.1.201,2,IOUT,0
3801479620,192.168.1.198,1,VSET,1
3801479620,192.168.1.198,1,ISET,2
3801479620,192.168.1.198,1,VOUT,1
3801479620,192.168.1.198,1,IOUT,0.119
3801479620,192.168.1.198,2,VSET,1
3801479620,192.168.1.198,2,ISET,2
3801479620,192.168.1.198,2,VOUT,1
3801479620,192.168.1.198,2,IOUT,0.122
0,,0,,0
3801479680,192.168.1.200,1,VSET,1.1
3801479680,192.168.1.200,1,ISET,3
3801479680,192.168.1.200,1,VOUT,1.1
3801479680,192.168.1.200,1,IOUT,0.271
3801479680,192.168.1.200,2,VSET,1.1
3801479680,192.168.1.200,2,ISET,2.01
3801479680,192.168.1.200,2,VOUT,1.1
3801479680,192.168.1.200,2,IOUT,0.136
3801479680,192.168.1.201,1,VSET,1
3801479680,192.168.1.201,1,ISET,2.001
3801479680,192.168.1.201,1,VOUT,1
3801479680,192.168.1.201,1,IOUT,0.163
3801479680,192.168.1.201,2,VSET,1.1
3801479680,192.168.1.201,2,ISET,2.1
3801479680,192.168.1.201,2,VOUT,1.1
3801479680,192.168.1.201,2,IOUT,0
3801479681,192.168.1.198,1,VSET,1
3801479681,192.168.1.198,1,ISET,2
3801479681,192.168.1.198,1,VOUT,1
3801479681,192.168.1.198,1,IOUT,0.119
3801479681,192.168.1.198,2,VSET,1
3801479681,192.168.1.198,2,ISET,2
3801479681,192.168.1.198,2,VOUT,1
3801479681,192.168.1.198,2,IOUT,0.122
0,,0,,0
3801479740,192.168.1.200,1,VSET,0
3801479740,192.168.1.200,1,ISET,0
3801479740,192.168.1.200,1,VOUT,0
3801479740,192.168.1.200,1,IOUT,0
3801479740,192.168.1.200,2,VSET,0
3801479740,192.168.1.200,2,ISET,0
3801479740,192.168.1.200,2,VOUT,0
3801479740,192.168.1.200,2,IOUT,0
3801479740,192.168.1.201,1,VSET,0
3801479740,192.168.1.201,1,ISET,0
3801479740,192.168.1.201,1,VOUT,0
3801479740,192.168.1.201,1,IOUT,0
3801479740,192.168.1.201,2,VSET,0
3801479740,192.168.1.201,2,ISET,0
3801479740,192.168.1.201,2,VOUT,0
3801479740,192.168.1.201,2,IOUT,0
3801479741,192.168.1.198,1,VSET,0
3801479741,192.168.1.198,1,ISET,0
3801479741,192.168.1.198,1,VOUT,0
3801479741,192.168.1.198,1,IOUT,0
3801479741,192.168.1.198,2,VSET,0
3801479741,192.168.1.198,2,ISET,0
3801479741,192.168.1.198,2,VOUT,0
3801479741,192.168.1.198,2,IOUT,0
0,,0,,0
3801479800,192.168.1.200,1,VSET,0
3801479800,192.168.1.200,1,ISET,0
3801479800,192.168.1.200,1,VOUT,0
3801479800,192.168.1.200,1,IOUT,0
3801479800,192.168.1.200,2,VSET,0
3801479800,192.168.1.200,2,ISET,0
3801479800,192.168.1.200,2,VOUT,0
3801479800,192.168.1.200,2,IOUT,0
3801479800,192.168.1.201,1,VSET,0
3801479800,192.168.1.201,1,ISET,0
3801479800,192.168.1.201,1,VOUT,0
3801479800,192.168.1.201,1,IOUT,0
3801479800,192.168.1.201,2,VSET,0
3801479800,192.168.1.201,2,ISET,0
3801479800,192.168.1.201,2,VOUT,0
3801479800,192.168.1.201,2,IOUT,0
3801479801,192.168.1.198,1,VSET,0
3801479801,192.168.1.198,1,ISET,0
3801479801,192.168.1.198,1,VOUT,0
3801479801,192.168.1.198,1,IOUT,0
3801479801,192.168.1.198,2,VSET,0
3801479801,192.168.1.198,2,ISET,0
3801479801,192.168.1.198,2,VOUT,0
3801479801,192.168.1.198,2,IOUT,0
0,,0,,0
3801479860,192.168.1.200,1,VSET,0
3801479860,192.168.1.200,1,ISET,0
3801479860,192.168.1.200,1,VOUT,0
3801479860,192.168.1.200,1,IOUT,0
3801479860,192.168.1.200,2,VSET,0
3801479860,192.168.1.200,2,ISET,0
3801479860,192.168.1.200,2,VOUT,0
3801479860,192.168.1.200,2,IOUT,0
3801479860,192.168.1.201,1,VSET,0
3801479860,192.168.1.201,1,ISET,0
3801479860,192.168.1.201,1,VOUT,0
3801479860,192.168.1.201,1,IOUT,0
3801479860,192.168.1.201,2,VSET,0
3801479860,192.168.1.201,2,ISET,0
3801479860,192.168.1.201,2,VOUT,0
3801479860,192.168.1.201,2,IOUT,0
3801479861,192.168.1.198,1,VSET,0
3801479861,192.168.1.198,1,ISET,0
3801479861,192.168.1.198,1,VOUT,0
3801479861,192.168.1.198,1,IOUT,0
3801479861,192.168.1.198,2,VSET,0
3801479861,192.168.1.198,2,ISET,0
3801479861,192.168.1.198,2,VOUT,0
3801479861,192.168.1.198,2,IOUT,0
0,,0,,0
3801479920,192.168.1.200,1,VSET,0
3801479920,192.168.1.200,1,ISET,0
3801479920,192.168.1.200,1,VOUT,0
3801479920,192.168.1.200,1,IOUT,0
3801479920,192.168.1.200,2,VSET,0
3801479920,192.168.1.200,2,ISET,0
3801479920,192.168.1.200,2,VOUT,0
3801479920,192.168.1.200,2,IOUT,0
3801479921,192.168.1.201,1,VSET,0
3801479921,192.168.1.201,1,ISET,0
3801479921,192.168.1.201,1,VOUT,0
3801479921,192.168.1.201,1,IOUT,0
3801479921,192.168.1.201,2,VSET,0
3801479921,192.168.1.201,2,ISET,0
3801479921,192.168.1.201,2,VOUT,0
3801479921,192.168.1.201,2,IOUT,0
3801479921,192.168.1.198,1,VSET,0
3801479921,192.168.1.198,1,ISET,0
3801479921,192.168.1.198,1,VOUT,0
3801479921,192.168.1.198,1,IOUT,0
3801479921,192.168.1.198,2,VSET,0
3801479921,192.168.1.198,2,ISET,0
3801479921,192.168.1.198,2,VOUT,0
3801479921,192.168.1.198,2,IOUT,0
0,,0,,0
3801479980,192.168.1.200,1,VSET,0
3801479980,192.168.1.200,1,ISET,0
3801479980,192.168.1.200,1,VOUT,0
3801479980,192.168.1.200,1,IOUT,0
3801479980,192.168.1.200,2,VSET,0
3801479980,192.168.1.200,2,ISET,0
3801479980,192.168.1.200,2,VOUT,0
3801479980,192.168.1.200,2,IOUT,0
3801479981,192.168.1.201,1,VSET,0
3801479981,192.168.1.201,1,ISET,0
3801479981,192.168.1.201,1,VOUT,0
3801479981,192.168.1.201,1,IOUT,0
3801479981,192.168.1.201,2,VSET,0
3801479981,192.168.1.201,2,ISET,0
3801479981,192.168.1.201,2,VOUT,0
3801479981,192.168.1.201,2,IOUT,0
3801479981,192.168.1.198,1,VSET,0
3801479981,192.168.1.198,1,ISET,0
3801479981,192.168.1.198,1,VOUT,0
3801479981,192.168.1.198,1,IOUT,0
3801479981,192.168.1.198,2,VSET,0
3801479981,192.168.1.198,2,ISET,0
3801479981,192.168.1.198,2,VOUT,0
3801479981,192.168.1.198,2,IOUT,0
0,,0,,0
3801480040,192.168.1.200,1,VSET,0
3801480041,192.168.1.200,1,ISET,0
3801480041,192.168.1.200,1,VOUT,0
3801480041,192.168.1.200,1,IOUT,0
3801480041,192.168.1.200,2,VSET,0
3801480041,192.168.1.200,2,ISET,0
3801480041,192.168.1.200,2,VOUT,0
3801480041,192.168.1.200,2,IOUT,0
3801480041,192.168.1.201,1,VSET,0
3801480041,192.168.1.201,1,ISET,0
3801480041,192.168.1.201,1,VOUT,0
3801480041,192.168.1.201,1,IOUT,0
3801480041,192.168.1.201,2,VSET,0
3801480041,192.168.1.201,2,ISET,0
3801480041,192.168.1.201,2,VOUT,0
3801480041,192.168.1.201,2,IOUT,0
3801480041,192.168.1.198,1,VSET,0
3801480041,192.168.1.198,1,ISET,0
3801480041,192.168.1.198,1,VOUT,0
3801480041,192.168.1.198,1,IOUT,0
3801480041,192.168.1.198,2,VSET,0
3801480041,192.168.1.198,2,ISET,0
3801480041,192.168.1.198,2,VOUT,0
3801480041,192.168.1.198,2,IOUT,0
0,,0,,0
3801480101,192.168.1.200,1,VSET,0
3801480101,192.168.1.200,1,ISET,0
3801480101,192.168.1.200,1,VOUT,0
3801480101,192.168.1.200,1,IOUT,0
3801480101,192.168.1.200,2,VSET,0
3801480101,192.168.1.200,2,ISET,0
3801480101,192.168.1.200,2,VOUT,0
3801480101,192.168.1.200,2,IOUT,0
3801480101,192.168.1.201,1,VSET,0
3801480101,192.168.1.201,1,ISET,0
3801480101,192.168.1.201,1,VOUT,0
3801480101,192.168.1.201,1,IOUT,0
3801480101,192.168.1.201,2,VSET,0
3801480101,192.168.1.201,2,ISET,0
3801480101,192.168.1.201,2,VOUT,0
3801480101,192.168.1.201,2,IOUT,0
3801480102,192.168.1.198,1,VSET,0
3801480102,192.168.1.198,1,ISET,0
3801480102,192.168.1.198,1,VOUT,0
3801480102,192.168.1.198,1,IOUT,0
3801480102,192.168.1.198,2,VSET,0
3801480102,192.168.1.198,2,ISET,0
3801480102,192.168.1.198,2,VOUT,0
3801480102,192.168.1.198,2,IOUT,0
0,,0,,0
3801480161,192.168.1.200,1,VSET,0
3801480161,192.168.1.200,1,ISET,0
3801480161,192.168.1.200,1,VOUT,0
3801480161,192.168.1.200,1,IOUT,0
3801480161,192.168.1.200,2,VSET,0
3801480161,192.168.1.200,2,ISET,0
3801480161,192.168.1.200,2,VOUT,0
3801480161,192.168.1.200,2,IOUT,0
3801480161,192.168.1.201,1,VSET,0
3801480161,192.168.1.201,1,ISET,0
3801480161,192.168.1.201,1,VOUT,0
3801480161,192.168.1.201,1,IOUT,0
3801480161,192.168.1.201,2,VSET,0
3801480161,192.168.1.201,2,ISET,0
3801480161,192.168.1.201,2,VOUT,0
3801480161,192.168.1.201,2,IOUT,0
3801480162,192.168.1.198,1,VSET,0
3801480162,192.168.1.198,1,ISET,0
3801480162,192.168.1.198,1,VOUT,0
3801480162,192.168.1.198,1,IOUT,0
3801480162,192.168.1.198,2,VSET,0
3801480162,192.168.1.198,2,ISET,0
3801480162,192.168.1.198,2,VOUT,0
3801480162,192.168.1.198,2,IOUT,0
0,,0,,0
3801480221,192.168.1.200,1,VSET,0
3801480221,192.168.1.200,1,ISET,0
3801480221,192.168.1.200,1,VOUT,0
3801480221,192.168.1.200,1,IOUT,0
3801480221,192.168.1.200,2,VSET,0
3801480221,192.168.1.200,2,ISET,0
3801480221,192.168.1.200,2,VOUT,0
3801480221,192.168.1.200,2,IOUT,0
3801480221,192.168.1.201,1,VSET,0
3801480221,192.168.1.201,1,ISET,0
3801480221,192.168.1.201,1,VOUT,0
3801480221,192.168.1.201,1,IOUT,0
3801480221,192.168.1.201,2,VSET,0
3801480221,192.168.1.201,2,ISET,0
3801480221,192.168.1.201,2,VOUT,0
3801480221,192.168.1.201,2,IOUT,0
3801480222,192.168.1.198,1,VSET,0
3801480222,192.168.1.198,1,ISET,0
3801480222,192.168.1.198,1,VOUT,0
3801480222,192.168.1.198,1,IOUT,0
3801480222,192.168.1.198,2,VSET,0
3801480222,192.168.1.198,2,ISET,0
3801480222,192.168.1.198,2,VOUT,0
3801480222,192.168.1.198,2,IOUT,0
0,,0,,0
3801480281,192.168.1.200,1,VSET,0
3801480281,192.168.1.200,1,ISET,0
3801480281,192.168.1.200,1,VOUT,0
3801480281,192.168.1.200,1,IOUT,0
3801480281,192.168.1.200,2,VSET,0
3801480281,192.168.1.200,2,ISET,0
3801480281,192.168.1.200,2,VOUT,0
3801480281,192.168.1.200,2,IOUT,0
3801480282,192.168.1.201,1,VSET,0
3801480282,192.168.1.201,1,ISET,0
3801480282,192.168.1.201,1,VOUT,0
3801480282,192.168.1.201,1,IOUT,0
3801480282,192.168.1.201,2,VSET,0
3801480282,192.168.1.201,2,ISET,0
3801480282,192.168.1.201,2,VOUT,0
3801480282,192.168.1.201,2,IOUT,0
3801480282,192.168.1.198,1,VSET,0
3801480282,192.168.1.198,1,ISET,0
3801480282,192.168.1.198,1,VOUT,0
3801480282,192.168.1.198,1,IOUT,0
3801480282,192.168.1.198,2,VSET,0
3801480282,192.168.1.198,2,ISET,0
3801480282,192.168.1.198,2,VOUT,0
3801480282,192.168.1.198,2,IOUT,0
0,,0,,0
3801480341,192.168.1.200,1,VSET,0
3801480341,192.168.1.200,1,ISET,0
3801480341,192.168.1.200,1,VOUT,0
3801480341,192.168.1.200,1,IOUT,0
3801480341,192.168.1.200,2,VSET,0
3801480341,192.168.1.200,2,ISET,0
3801480341,192.168.1.200,2,VOUT,0
3801480341,192.168.1.200,2,IOUT,0
3801480342,192.168.1.201,1,VSET,0
3801480342,192.168.1.201,1,ISET,0
3801480342,192.168.1.201,1,VOUT,0
3801480342,192.168.1.201,1,IOUT,0
3801480342,192.168.1.201,2,VSET,0
3801480342,192.168.1.201,2,ISET,0
3801480342,192.168.1.201,2,VOUT,0
3801480342,192.168.1.201,2,IOUT,0
3801480342,192.168.1.198,1,VSET,0
3801480342,192.168.1.198,1,ISET,0
3801480342,192.168.1.198,1,VOUT,0
3801480342,192.168.1.198,1,IOUT,0
3801480342,192.168.1.198,2,VSET,0
3801480342,192.168.1.198,2,ISET,0
3801480342,192.168.1.198,2,VOUT,0
3801480342,192.168.1.198,2,IOUT,0
0,,0,,0
3801480401,192.168.1.200,1,VSET,0
3801480401,192.168.1.200,1,ISET,0
3801480401,192.168.1.200,1,VOUT,0
3801480401,192.168.1.200,1,IOUT,0
3801480401,192.168.1.200,2,VSET,0
3801480401,192.168.1.200,2,ISET,0
3801480401,192.168.1.200,2,VOUT,0
3801480401,192.168.1.200,2,IOUT,0
3801480402,192.168.1.201,1,VSET,0
3801480402,192.168.1.201,1,ISET,0
3801480402,192.168.1.201,1,VOUT,0
3801480402,192.168.1.201,1,IOUT,0
3801480402,192.168.1.201,2,VSET,0
3801480402,192.168.1.201,2,ISET,0
3801480402,192.168.1.201,2,VOUT,0
3801480402,192.168.1.201,2,IOUT,0
3801480402,192.168.1.198,1,VSET,0
3801480402,192.168.1.198,1,ISET,0
3801480402,192.168.1.198,1,VOUT,0
3801480402,192.168.1.198,1,IOUT,0
3801480402,192.168.1.198,2,VSET,0
3801480402,192.168.1.198,2,ISET,0
3801480402,192.168.1.198,2,VOUT,0
3801480402,192.168.1.198,2,IOUT,0
